company_name,company_scale,company_category,count
建信金科,1000-9999人,银行,220
美亚柏科,1000-9999人,信息安全,135
美图公司,1000-9999人,互联网,119
厦门四信,500-999人,通信/网络设备,109
网宿科技,1000-9999人,互联网,103
稿定科技,500-999人,互联网,102
盈趣科技,1000-9999人,智能硬件,95
白山云科技,100-499人,互联网,90
4399游戏,1000-9999人,游戏,83
同致电子科技(厦...,1000-9999人,汽车零部件,81
巴根网络,100-499人,互联网,75
立达信,10000人以上,电子/半导体/集成电路,72
立林科技,1000-9999人,智能硬件,71
美柚,500-999人,移动互联网,70
万里目成长,1000-9999人,培训机构,69
点触科技,1000-9999人,游戏,64
宇信科技,1000-9999人,计算机软件,63
易联众,100-499人,计算机软件,59
罗普特股份,500-999人,信息安全,57
厦门雅迅网络,500-999人,通信/网络设备,57
智业软件,1000-9999人,医疗健康,54
易联众民生,500-999人,O2O,54
厦门科拓股份,1000-9999人,智能硬件,52
朗新科技,1000-9999人,计算机软件,52
厦门铃盛软件有限公司,1000-9999人,计算机软件,51
象屿科技,100-499人,企业服务,48
快商通,100-499人,计算机软件,47
今天国际,500-999人,物流/仓储,45
yealink,1000-9999人,通信/网络设备,45
安踏,10000人以上,贸易/进出口,43
畅拓科技,100-499人,互联网,40
准动网络科技,500-999人,互联网,39
金牌厨柜,1000-9999人,建材,38
熵基科技,1000-9999人,计算机软件,38
RingCentral铃盛,500-999人,计算机软件,37
厦门小阿七网络科...,500-999人,游戏,36
九牧厨卫,10000人以上,工程施工,35
同步天成,100-499人,计算机软件,35
厦门微亚,100-499人,仪器仪表/工业自动化,34
星宸科技,100-499人,电子/半导体/集成电路,34
GPU Cloud,20-99人,互联网,34
农信互联,500-999人,互联网,33
松霖科技,1000-9999人,智能硬件,33
福建星网锐捷通讯...,1000-9999人,通信/网络设备,33
飞鱼科技,100-499人,游戏,32
勇仕,100-499人,游戏,32
游动网络,100-499人,游戏,32
明源云,1000-9999人,计算机软件,32
泡游网络,100-499人,游戏,31
腾讯,10000人以上,互联网,31
科华恒盛,1000-9999人,机械设备/机电/重工,31
宜车时代/宜买车,1000-9999人,互联网,31
延趣游戏,100-499人,游戏,30
四信,500-999人,通信/网络设备,30
旷时科技,20-99人,电子/半导体/集成电路,30
法本,10000人以上,计算机软件,30
厦门华联电子股份...,1000-9999人,电子/半导体/集成电路,29
他趣,500-999人,移动互联网,29
神州鹰,500-999人,移动互联网,28
爱立得科技,20-99人,智能硬件,28
渊亭科技,100-499人,计算机软件,28
纵横集团,1000-9999人,通信/网络设备,28
摩多科技游戏,100-499人,游戏,28
星纵信息,100-499人,通信/网络设备,27
Kyligence,100-499人,计算机软件,27
畅享信息,100-499人,计算机软件,27
美怡莱,500-999人,电子商务,27
容大科技,500-999人,电子/半导体/集成电路,26
天马微电子,10000人以上,电子/半导体/集成电路,26
新时颖服饰公司,500-999人,电子商务,25
吉比特,500-999人,游戏,25
商集唯你网,500-999人,计算机软件,25
指纹科技,500-999人,电子商务,25
华为技术有限公司,10000人以上,计算机软件,24
冠捷科技,1000-9999人,仪器仪表/工业自动化,24
易惠科技,100-499人,计算机软件,23
微微科技,100-499人,互联网,23
骇客家科技,100-499人,计算机软件,23
大博医疗,1000-9999人,医疗健康,23
吉联,500-999人,计算机软件,23
麦克玛视,100-499人,计算机软件,23
德科信息,1000-9999人,计算机软件,22
玖拾捌度,100-499人,互联网,22
力和行智能,20-99人,仪器仪表/工业自动化,22
厦门海辰新能源科技,1000-9999人,原材料及加工/模具,22
大道同行,100-499人,游戏,22
诺祺科技,100-499人,计算机软件,22
厦门力和行,100-499人,电子/半导体/集成电路,21
神州优车集团,10000人以上,生活服务,21
诺博视,20-99人,仪器仪表/工业自动化,20
网龙,1000-9999人,移动互联网,20
摩尔脉能,20-99人,计算机软件,20
电子口岸,100-499人,计算机软件,20
最有料,1000-9999人,电子商务,20
Cocos引擎,100-499人,游戏,20
快乐学习教育科技集团,1000-9999人,培训机构,20
安硕信息技术,1000-9999人,计算机软件,20
深度赋智,20-99人,互联网,20
优倍快UBNT,500-999人,通信/网络设备,19
中电金信,10000人以上,计算机软件,19
海为科技,100-499人,仪器仪表/工业自动化,19
海峡智汇,20-99人,计算机软件,19
九牧王,1000-9999人,生活服务,19
福建新奥特,20-99人,广播/影视,19
法信公证云,500-999人,计算机软件,18
厦门狄耐克电子,1000-9999人,智能硬件,18
世纪伟业,20-99人,通信/网络设备,18
呼博仕,1000-9999人,家具/家电/家居,18
宙火,100-499人,游戏,18
汇聚科联,20-99人,计算机软件,18
作业帮,10000人以上,互联网,18
海致星图,500-999人,计算机软件,18
特步,1000-9999人,服装/纺织/皮革,18
北京博睿宏远,500-999人,互联网,17
福建蜂窝互娱,100-499人,文化/体育/娱乐,17
青瓷游戏,100-499人,游戏,17
华为,10000人以上,计算机软件,17
特仪科技,100-499人,电子/半导体/集成电路,17
天赟,20-99人,游戏,17
极致游戏,100-499人,游戏,17
易航科技,1000-9999人,计算机服务,17
谦鹭信息技术,20-99人,计算机软件,17
星罗网络,100-499人,移动互联网,17
三安集成,1000-9999人,电子/半导体/集成电路,17
安胜,100-499人,互联网,17
云企动力,0-20人,计算机软件,16
创普云,20-99人,计算机软件,16
福建众创车联网络...,20-99人,企业服务,16
趣店集团,1000-9999人,互联网,16
真有趣游戏,100-499人,游戏,16
龙马环卫,1000-9999人,机械设备/机电/重工,16
为正生物,100-499人,医疗设备/器械,16
福建长城宽带,100-499人,通信/网络设备,16
光莆电子,500-999人,电子/半导体/集成电路,16
云之巅,20-99人,计算机软件,16
家乡互动,100-499人,游戏,16
厦门风领科技,100-499人,计算机软件,16
思知,20-99人,互联网,16
雨果网,100-499人,媒体,16
四美达,100-499人,互联网,16
时代凌宇,100-499人,企业服务,16
强力巨彩,1000-9999人,智能硬件,16
厦门金龙客车,1000-9999人,汽车生产,16
快快网络,100-499人,互联网,16
福建中科云杉,100-499人,互联网,16
厦门阳光恩耐照明...,1000-9999人,电子/半导体/集成电路,15
云脑科技,20-99人,数据服务,15
狄耐克,1000-9999人,互联网,15
易尔通,1000-9999人,互联网,15
集微科技,100-499人,移动互联网,15
诸云科技,20-99人,社交网络,15
世纪海航,100-499人,在线教育,15
岭纬科技,20-99人,电子/半导体/集成电路,15
熙重电子,100-499人,智能硬件,15
职行力,100-499人,互联网,15
建霖,1000-9999人,贸易/进出口,14
厦门卫星定位,100-499人,计算机服务,14
京北方,10000人以上,互联网金融,14
TPK,10000人以上,其他行业,14
南威软件,1000-9999人,计算机软件,14
物之联,20-99人,计算机软件,14
卫宁健康,1000-9999人,医疗健康,14
金山云,1000-9999人,互联网,14
今日头条,10000人以上,移动互联网,14
凤扬网络,20-99人,互联网,14
正航软件,100-499人,计算机软件,14
通达科技有限公司,10000人以上,原材料及加工/模具,14
软通动力,10000人以上,计算机软件,14
睿云联,100-499人,智能硬件,13
易联众智能,100-499人,互联网,13
高德地图,1000-9999人,互联网,13
GSEO,10000人以上,电子/半导体/集成电路,13
聚英教育,1000-9999人,培训机构,13
一品威客网,500-999人,互联网,13
帮邦行,500-999人,移动互联网,13
精合电气,100-499人,机械设备/机电/重工,13
北京博睿宏远,500-999人,计算机软件,13
蓝斯股份,100-499人,通信/网络设备,13
欧立通电子科技,100-499人,电子/半导体/集成电路,13
福信光电,100-499人,智能硬件,13
三六一度,1000-9999人,服装/纺织/皮革,13
阿里巴巴集团,10000人以上,互联网,13
天海欧康科技,100-499人,物流/仓储,13
易景软件,20-99人,计算机软件,13
凤凰创壹软件,100-499人,移动互联网,13
上海海鼎,500-999人,计算机软件,12
福建万商堂科技股...,20-99人,互联网,12
美亚中敏,100-499人,互联网,12
兴联智控,20-99人,智能硬件,12
亿林,100-499人,智能硬件,12
VSPN,500-999人,游戏,12
汉纳森,100-499人,计算机软件,12
咪狐科技,20-99人,互联网,12
信泰思,1000-9999人,计算机软件,12
中国电信云,1000-9999人,计算机软件,12
厦门本捷,20-99人,游戏,12
万国投资集团,1000-9999人,4S店/后市场,12
中乔体育股份有限公司,1000-9999人,批发/零售,12
庸博电气,20-99人,电子/半导体/集成电路,12
成功易厦门,500-999人,广告/公关/会展,12
铂爵旅拍,1000-9999人,互联网,12
元初食品,1000-9999人,生活服务,12
旭康农业科技,100-499人,农/林/牧/渔,12
友达光电,1000-9999人,电子/半导体/集成电路,12
Qkids久趣,500-999人,在线教育,12
天海图汇,100-499人,计算机软件,12
六角一袋,100-499人,互联网,12
厦门空格网络科技,20-99人,计算机软件,12
牧云数据,20-99人,数据服务,12
百威,10000人以上,食品/饮料/烟酒,12
钜衍网络,20-99人,计算机软件,11
尚妃美容,500-999人,互联网,11
艾迪泰克,20-99人,智能硬件,11
厦门趣店科技有限公司,1000-9999人,互联网,11
矽恩,100-499人,电子/半导体/集成电路,11
厦门邑通软件,100-499人,企业服务,11
厦门智合诚,100-499人,计算机软件,11
建发股份,1000-9999人,贸易/进出口,11
拓宝科技,100-499人,电子/半导体/集成电路,11
一码当先,100-499人,移动互联网,11
舒特科技,20-99人,移动互联网,11
厦门信达信息科技...,1000-9999人,电子/半导体/集成电路,11
玉晶光电,1000-9999人,电子/半导体/集成电路,11
四信智慧电力,500-999人,互联网,11
顺磊集团,500-999人,建材,11
厦门锐传科技有限公司,100-499人,机械设备/机电/重工,11
神州信息,10000人以上,计算机软件,11
巨龙信息,500-999人,计算机软件,11
创世智云,20-99人,互联网,11
厦门天锐科技,100-499人,信息安全,11
奥谱天成,100-499人,仪器仪表/工业自动化,11
某大型互联网公司,500-999人,互联网,11
厦门美亚亿安信息科技,20-99人,计算机服务,11
硕橙（厦门）科技...,20-99人,企业服务,11
宝太生物,1000-9999人,医疗设备/器械,11
厦门松下,1000-9999人,电子/半导体/集成电路,11
谷沃科技,100-499人,计算机软件,11
厦门联电数据科技,20-99人,计算机软件,11
信息港,100-499人,运营商/增值服务,10
翎沐,0-20人,游戏,10
某大型游戏公司,100-499人,游戏,10
壹拾科技有限公司,20-99人,计算机服务,10
碧驰信息,20-99人,互联网,10
厦门数据智能研究院,20-99人,计算机软件,10
厦门唯科,500-999人,原材料及加工/模具,10
厦门科牧,1000-9999人,家具/家电/家居,10
赞歌科技,100-499人,移动互联网,10
悦玩网络,0-20人,游戏,10
厦门中盾安信,100-499人,互联网,10
林德叉车,1000-9999人,机械设备/机电/重工,10
唯一网络,100-499人,企业服务,10
艾德生物,500-999人,医疗设备/器械,10
贝颜科技有限公司,500-999人,医疗健康,10
宏泰智能,1000-9999人,通信/网络设备,10
涂鸦智能,1000-9999人,互联网,10
朗驰科技,100-499人,服装/纺织/皮革,10
一点资讯,500-999人,移动互联网,10
Manteia,20-99人,医疗健康,10
厦门顶尖电子有限公司,500-999人,电子/半导体/集成电路,10
福建恒安集团有限...,10000人以上,食品/饮料/烟酒,10
好慷在家,10000人以上,O2O,10
信网安检测/等保测评,20-99人,计算机服务,10
维库,0-20人,计算机软件,10
某知名机械设备公司,1000-9999人,机械设备/机电/重工,10
金岳慧创,20-99人,仪器仪表/工业自动化,10
网聚云联,20-99人,企业服务,10
瑞达期货股份有限公司,1000-9999人,互联网金融,10
厦门云译,20-99人,计算机软件,10
星纵智能,100-499人,计算机软件,10
彼格科技,100-499人,电子/半导体/集成电路,10
景迅网络,20-99人,游戏,10
福建易联众保睿通...,100-499人,医疗健康,10
壹体育,100-499人,计算机软件,10
中电文思海辉,10000人以上,计算机软件,9
白山云,100-499人,互联网,9
深夜互动,20-99人,互联网,9
福州中联网佳,100-499人,计算机软件,9
熵链科技,20-99人,互联网,9
云感科技,20-99人,通信/网络设备,9
幽境,20-99人,游戏,9
美科集团,500-999人,机械设备/机电/重工,9
厦门昂讯,100-499人,移动互联网,9
云评众联,20-99人,计算机服务,9
威尔软件,100-499人,计算机软件,9
倍杰特,1000-9999人,家具/家电/家居,9
乔丹体育股份有限公司,1000-9999人,生活服务,9
执携,20-99人,计算机软件,9
悦游网络,100-499人,社交网络,9
厦门天马微电子有...,10000人以上,电子商务,9
厦门巴掌互动,100-499人,游戏,9
喵柚,20-99人,互联网,9
厦门梦加游戏,100-499人,游戏,9
安明丽,500-999人,电子/半导体/集成电路,9
厦门编奕科技有限公司,0-20人,计算机软件,9
著赫电子,100-499人,电子/半导体/集成电路,9
普为光电,500-999人,电子/半导体/集成电路,9
福建加一伟业,20-99人,仪器仪表/工业自动化,9
新百伦领跑,1000-9999人,生活服务,9
趣方科技,20-99人,移动互联网,9
优梨口腔,100-499人,医疗/护理/卫生,9
奥佳华,10000人以上,医疗健康,9
厦门赛尔特电子有...,1000-9999人,电子/半导体/集成电路,9
超光,20-99人,电子/半导体/集成电路,9
嘉戎技术,500-999人,机械设备/机电/重工,9
中交信息,10000人以上,计算机软件,9
美契科技,20-99人,计算机软件,9
厦门精益远达,20-99人,计算机软件,9
护航科技,1000-9999人,计算机服务,9
海西医药交易中心,100-499人,互联网,9
优智汇,20-99人,互联网,9
厦门福流,20-99人,医疗设备/器械,9
温暖科技,20-99人,计算机软件,9
龙腾简合,500-999人,游戏,9
鸿星尔克,10000人以上,电子商务,9
美团,10000人以上,互联网,9
三五互联,500-999人,互联网,9
中谷象雄,1000-9999人,文化/体育/娱乐,8
知本家,100-499人,互联网,8
厦门是能环保,20-99人,环保,8
智恒微电子,20-99人,电子/半导体/集成电路,8
厦门外星人科技,20-99人,游戏,8
朴朴科技,100-499人,互联网,8
厦门起势泛娱科技,20-99人,游戏,8
南京尚同,20-99人,咨询,8
佛吉亚歌乐电子公司,500-999人,汽车零部件,8
华数信息,20-99人,计算机软件,8
盛初网络,100-499人,互联网,8
华信纵横,20-99人,计算机软件,8
华泰视通,20-99人,计算机软件,8
上海小牛互娱,1000-9999人,互联网,8
厦门实锐科技股份...,100-499人,仪器仪表/工业自动化,8
易联众,1000-9999人,医疗健康,8
新诺北斗航科,100-499人,数据服务,8
莫奇,20-99人,游戏,8
三优光电,100-499人,电子/半导体/集成电路,8
盛信千汇,0-20人,计算机软件,8
福建医联康护,100-499人,医疗健康,8
先进数通,1000-9999人,计算机软件,8
安井食品,1000-9999人,其他行业,8
国科科技,100-499人,计算机软件,8
字节跳动,10000人以上,移动互联网,8
今立方,0-20人,计算机软件,8
长亮科技,1000-9999人,计算机软件,8
厦门尔冬软件科技...,100-499人,数据服务,8
量道新能源,100-499人,贸易/进出口,8
厦门链石科技,20-99人,计算机软件,8
美团点评,10000人以上,O2O,8
佳因特,100-499人,贸易/进出口,8
安全狗（美亚子公司）,100-499人,信息安全,8
锐特信息,500-999人,互联网,8
威准科技,20-99人,机械设备/机电/重工,8
第六城网络科技,0-20人,互联网,8
鼎捷软件,1000-9999人,计算机软件,8
吾双科技,100-499人,电子商务,8
皓耿纬,0-20人,游戏,8
晶宇,1000-9999人,电子/半导体/集成电路,8
厦门游乐米,0-20人,计算机软件,8
厦门酷熊科技有限公司,20-99人,互联网,8
根号叁科技,20-99人,计算机软件,8
智慧图,0-20人,计算机软件,8
拼拼侠,20-99人,电子商务,8
Unicorn,100-499人,电子商务,8
百威英博,10000人以上,其他行业,8
尚为科技,20-99人,智能硬件,8
瑞尔特,1000-9999人,家具/家电/家居,8
大禾众邦,100-499人,建筑设计,8
科技谷,20-99人,计算机软件,7
厦门致联科技有限公司,100-499人,智能硬件,7
冠捷,10000人以上,电子/半导体/集成电路,7
智联信通物联网科技,100-499人,智能硬件,7
金固美,1000-9999人,新能源,7
才盛网络科技,100-499人,互联网,7
视瑞通,20-99人,计算机软件,7
某大型计算机软件公司,100-499人,计算机软件,7
叁书云,20-99人,计算机软件,7
火屿网络,20-99人,游戏,7
厦门华秦,20-99人,计算机服务,7
尚阡,20-99人,电子商务,7
amoytop,500-999人,医疗健康,7
雷迅科微电子,20-99人,电子/半导体/集成电路,7
通达易,100-499人,医疗健康,7
哈德教育集团,100-499人,培训机构,7
厦门仟信德,20-99人,智能硬件,7
斯坦道科学仪器,100-499人,智能硬件,7
东软汉和信息科技,20-99人,计算机软件,7
白鸽在线,100-499人,移动互联网,7
视诚科技,100-499人,智能硬件,7
PRIMA,100-499人,电子/半导体/集成电路,7
艾字节,0-20人,移动互联网,7
三固科技,100-499人,仪器仪表/工业自动化,7
姹紫嫣红,20-99人,移动互联网,7
网赢集团,20-99人,计算机软件,7
厦门一通灵,0-20人,计算机软件,7
有信互动,0-20人,移动互联网,7
钉云科技,20-99人,移动互联网,7
厦门万泰,500-999人,制药,7
锐捷网络,1000-9999人,通信/网络设备,7
云咖科技,20-99人,游戏,7
中创环保,100-499人,环保,7
触控科技,500-999人,游戏,7
科力,1000-9999人,电子商务,7
智童时刻,100-499人,智能硬件,7
尘锋,500-999人,计算机软件,7
易法通,100-499人,互联网,7
三维码科技,20-99人,互联网,7
普乐惠电商,20-99人,电子商务,7
紫金矿业,10000人以上,矿产/地质,7
缑城,20-99人,游戏,7
华强方特,100-499人,建筑设计,7
和云通,100-499人,计算机软件,7
快马鲜生,1000-9999人,物流/仓储,7
筑才,100-499人,工程施工,7
入夏网站建设公司,0-20人,计算机软件,7
知游,20-99人,在线教育,7
格物云,20-99人,互联网,7
启禾网络,20-99人,电子商务,7
清研宏达,20-99人,数据服务,7
万物云联,100-499人,互联网,7
力控科技(广州),100-499人,计算机软件,7
信用家,500-999人,互联网,7
厦门钨业技术中心,10000人以上,采掘/冶炼,7
厦门会展集团股份...,500-999人,广告/公关/会展,7
科华数据,1000-9999人,数据服务,7
伏特佳,20-99人,互联网,7
中海创科技集团,100-499人,计算机软件,7
维正集团,1000-9999人,企业服务,7
IGG,1000-9999人,游戏,7
海创世纪,20-99人,游戏,7
NEXGIM,20-99人,智能硬件,7
某大型企业服务公司,500-999人,企业服务,7
唯识筋斗云,0-20人,电子/半导体/集成电路,7
不妨游戏,20-99人,游戏,7
福建广电智能,20-99人,工程施工,7
正观易知科技,20-99人,移动互联网,7
祥达光学,1000-9999人,电子/半导体/集成电路,7
码灵半导体技术,20-99人,电子/半导体/集成电路,7
厦门畅博思,20-99人,计算机软件,7
斑马定制,100-499人,电子商务,7
船奇,500-999人,互联网,7
荣耀电竞,20-99人,游戏,7
美易通,20-99人,计算机软件,7
普诚科技,100-499人,电子/半导体/集成电路,6
厦门博视源,20-99人,机械设备/机电/重工,6
汇链通,100-499人,互联网,6
美亚睿进,0-20人,计算机软件,6
厦门龙人亦进信息科技,20-99人,计算机软件,6
西子金,100-499人,计算机软件,6
瑞识科技,20-99人,电子/半导体/集成电路,6
般纳,0-20人,广告/公关/会展,6
厦门正艾科技,0-20人,电子/半导体/集成电路,6
金邦科技,100-499人,贸易/进出口,6
厦门娱跃,0-20人,游戏,6
万华顺昌,20-99人,计算机软件,6
华云数据,500-999人,数据服务,6
钛尚科技,20-99人,互联网,6
星流游戏,0-20人,移动互联网,6
魔兔游戏,100-499人,游戏,6
东昂股份,100-499人,原材料及加工/模具,6
明见技术,20-99人,智能硬件,6
中移铁通厦门分公司,1000-9999人,通信/网络设备,6
泛微网络,1000-9999人,计算机软件,6
深码万易,0-20人,智能硬件,6
久久莹,20-99人,游戏,6
微升,0-20人,计算机软件,6
厦门嘉时,100-499人,计算机软件,6
德捷,20-99人,计算机软件,6
医数通科技,20-99人,计算机软件,6
瑞幸咖啡,10000人以上,互联网,6
厦门三安,1000-9999人,电子/半导体/集成电路,6
厦门次代星,20-99人,游戏,6
捷顺科技,1000-9999人,互联网,6
厦门脉搏网络,20-99人,互联网,6
知象科技,20-99人,互联网,6
时空视界,20-99人,计算机软件,6
识来科技,20-99人,企业服务,6
企企通,500-999人,企业服务,6
阿里-高德,1000-9999人,互联网,6
团队机器人,0-20人,计算机软件,6
锋合至创,20-99人,游戏,6
厦门图控,0-20人,仪器仪表/工业自动化,6
江苏优网智能科技...,20-99人,移动互联网,6
易衡,20-99人,电子/半导体/集成电路,6
星速购,20-99人,智能硬件,6
易灵网络,20-99人,游戏,6
厦门阻何商贸有限公司,20-99人,互联网,6
奥普拓,20-99人,互联网,6
智慧九州有限公司,20-99人,计算机软件,6
厦门美立声,20-99人,医疗设备/器械,6
厦门物思科技,20-99人,计算机软件,6
星辰追梦科技,100-499人,移动互联网,6
腾星云,20-99人,计算机软件,6
嗨米,20-99人,游戏,6
上海百胜软件,1000-9999人,计算机软件,6
浪潮,10000人以上,互联网,6
欧仕达,100-499人,医疗/护理/卫生,6
弘汉光电,1000-9999人,电子/半导体/集成电路,6
某半导体公司,20-99人,电子/半导体/集成电路,6
北京掌上先机,1000-9999人,互联网,6
捷顺科技,20-99人,计算机软件,6
益客联,20-99人,互联网,6
鹭燕,1000-9999人,医疗健康,6
厦门炽阳网络科技...,0-20人,互联网,6
唐韵互动,20-99人,互联网,6
中卡股份,100-499人,移动互联网,6
弘爱医院,1000-9999人,医疗/护理/卫生,6
SAS,100-499人,计算机软件,6
森炯网络科技,20-99人,电子商务,6
福建介可视,0-20人,仪器仪表/工业自动化,6
厦门柏事特,100-499人,工程施工,6
成利吉(厦门)智...,20-99人,智能硬件,6
中软国际,10000人以上,计算机软件,6
吉达兴,20-99人,电子商务,6
晶晟能源,20-99人,贸易/进出口,6
致上科技,20-99人,互联网,6
翰邦特,0-20人,人力资源服务,6
光棱科技,20-99人,游戏,6
医鹭信息,20-99人,信息安全,6
奥格科技,1000-9999人,计算机服务,6
环创科技,100-499人,智能硬件,6
卡昆卡,20-99人,游戏,6
极光雷豹,0-20人,游戏,6
大北欧,100-499人,办公用品及设备,6
新华三技术有限公司,10000人以上,计算机软件,6
维谛技术,20-99人,通信/网络设备,6
厦门东方远景,20-99人,计算机硬件,6
依思有限公司,1000-9999人,服装/纺织/皮革,6
泰链,0-20人,计算机软件,6
今日宇宙,0-20人,计算机软件,6
精质视觉科技,500-999人,智能硬件,6
容大合众,500-999人,电子/半导体/集成电路,6
厦门德力信,20-99人,通信/网络设备,6
天聪软件,20-99人,计算机软件,6
三倍空间,20-99人,互联网,6
阿里云,10000人以上,互联网,6
久传网络,0-20人,互联网,6
飞浪科技,0-20人,电子/半导体/集成电路,5
同步网络,100-499人,移动互联网,5
钜泽光电,20-99人,电子/半导体/集成电路,5
聚动科技,0-20人,智能硬件,5
厦门掌酷科技,100-499人,移动互联网,5
印天电子,100-499人,计算机软件,5
咪咕动漫,100-499人,互联网,5
资趣科技,0-20人,计算机软件,5
易联众医卫,100-499人,医疗健康,5
泛海三江,1000-9999人,数据服务,5
易建科技,1000-9999人,互联网,5
好食亿点,100-499人,电子商务,5
浩程信息,20-99人,信息安全,5
ABB（中国）,10000人以上,互联网,5
迈斯维自动化设备,20-99人,仪器仪表/工业自动化,5
兆慧科技,20-99人,移动互联网,5
趣店,1000-9999人,互联网金融,5
黑尖零感 BlvckSense,20-99人,互联网,5
金字塔投资俱乐部,20-99人,投资/融资,5
服信通软件,0-20人,计算机软件,5
九九拼购,20-99人,电子商务,5
京邦达供应链科技,1000-9999人,物流/仓储,5
北京亚控科技发展...,500-999人,计算机软件,5
酷模网络科技,20-99人,游戏,5
豪客来,10000人以上,餐饮,5
见福,1000-9999人,批发/零售,5
华为慧通,10000人以上,电子/半导体/集成电路,5
瀚衡智能,0-20人,计算机软件,5
小杏子网络科技,20-99人,互联网,5
云之拓,20-99人,智能硬件,5
麦蒂科技,20-99人,计算机软件,5
互拓科技,20-99人,互联网,5
Dell,1000-9999人,智能硬件,5
放牛斑,100-499人,餐饮,5
厦工,1000-9999人,机械设备/机电/重工,5
中合众科技,20-99人,智能硬件,5
大澳科技,20-99人,互联网,5
五度互联,20-99人,计算机软件,5
同荣科技,0-20人,计算机软件,5
海益建材,100-499人,家具/家电/家居,5
华丰众盈,20-99人,互联网,5
至恒融兴,1000-9999人,银行,5
南叁南,20-99人,互联网,5
厦门天猎运网络科技,100-499人,互联网,5
半导体工业,20-99人,电子/半导体/集成电路,5
绿芯半导体,100-499人,智能硬件,5
指魂网络,0-20人,游戏,5
盛迅信息,100-499人,计算机软件,5
小马,100-499人,企业服务,5
游淌科技,0-20人,移动互联网,5
博思,1000-9999人,计算机软件,5
侠侣网,500-999人,旅游,5
微伦科技,0-20人,电子/半导体/集成电路,5
某知名互联网公司,500-999人,互联网,5
厦门智动一刻科技...,20-99人,数据服务,5
易点生活,100-499人,互联网,5
某医疗健康公司,20-99人,医疗健康,5
蓝旭科技,20-99人,新能源,5
厦门258集团,100-499人,互联网,5
埃林哲软件,100-499人,计算机软件,5
天阳科技,1000-9999人,计算机软件,5
厦门乾照光电,1000-9999人,其他行业,5
维迅科技,20-99人,智能硬件,5
牵脉网络,0-20人,信息安全,5
爱家物联,100-499人,环保,5
易仓科技,500-999人,计算机软件,5
厦门亿科成,20-99人,批发/零售,5
三安光电,10000人以上,电子/半导体/集成电路,5
厦门盛迅信息,100-499人,计算机软件,5
瑞声达,500-999人,医疗设备/器械,5
宇兽科技,20-99人,计算机服务,5
思麦网络科技,100-499人,智能硬件,5
视虹科技,100-499人,智能硬件,5
绒猫淘淘,20-99人,电子商务,5
厦门云莱,0-20人,计算机硬件,5
厦门冉光,20-99人,专利/商标/知识产权,5
好鸟科技,20-99人,游戏,5
通达创智,1000-9999人,原材料及加工/模具,5
联登科技,20-99人,计算机软件,5
拾联科技,100-499人,智能硬件,5
纵目科技,100-499人,汽车生产,5
点石网络科技,100-499人,移动互联网,5
当趣科技,0-20人,计算机软件,5
魅选三维,0-20人,医疗健康,5
芜湖盟博,100-499人,计算机软件,5
真景科技,100-499人,计算机软件,5
创云科技,20-99人,游戏,5
普渡科技,1000-9999人,智能硬件,5
利成智能,100-499人,智能硬件,5
铠甲网络,100-499人,互联网,5
黑马企服,500-999人,企业服务,5
爱印科技,100-499人,计算机硬件,5
邻里社,20-99人,移动互联网,5
奇获科技,20-99人,互联网,5
硕橙厦门,20-99人,企业服务,5
冠禹智能,20-99人,计算机软件,5
海普锐,100-499人,机械设备/机电/重工,5
沃博思,100-499人,电子商务,5
精位文化信息,20-99人,数据服务,5
麻花网络,100-499人,互联网,5
亚信科技,10000人以上,计算机软件,5
元夏,20-99人,计算机软件,5
军创科技,20-99人,人力资源服务,5
金财互联,1000-9999人,互联网,5
四信电子,100-499人,电子/半导体/集成电路,5
昇利扬,20-99人,电子/半导体/集成电路,5
厦门西海佳通信息...,0-20人,计算机服务,5
厦门美勒科技有限公司,100-499人,电子/半导体/集成电路,5
益拓自控,100-499人,电子/半导体/集成电路,5
大招科技,100-499人,企业服务,5
金色雨林中心,1000-9999人,在线教育,5
a1零食研究所,100-499人,食品/饮料/烟酒,5
纳龙科技,100-499人,医疗健康,5
hyrus,100-499人,计算机软件,5
厦门保沣实业有限公司,1000-9999人,原材料及加工/模具,5
微游互娱,20-99人,游戏,5
易信,20-99人,信息安全,5
小蚜虫股票交易助手,20-99人,互联网金融,5
铨柯,100-499人,电子/半导体/集成电路,5
幻境互娱,20-99人,游戏,5
鹭诚捷,100-499人,仪器仪表/工业自动化,5
厦门明翰电气,100-499人,其他行业,5
优立科技EUCLIDEON,20-99人,计算机软件,5
艺钡,20-99人,计算机软件,5
鹊鸣,0-20人,船舶/航空/航天,5
谷典红家具,20-99人,家具/家电/家居,5
骐俊,100-499人,通信/网络设备,5
黑谷科技,1000-9999人,互联网,5
无厨科技,0-20人,智能硬件,5
晋丰鼎,0-20人,游戏,5
小梦网络,20-99人,游戏,5
厦门海迈科技,100-499人,计算机软件,5
贝比科技,20-99人,智能硬件,5
新凯,1000-9999人,原材料及加工/模具,5
联农科技,0-20人,移动互联网,5
和芯微电子,100-499人,电子/半导体/集成电路,5
致微,100-499人,机械设备/机电/重工,5
海石生态,20-99人,建筑设计,5
厦门摩云,20-99人,生活服务,5
四格互联,500-999人,移动互联网,5
厦门益泰声原,0-20人,计算机硬件,4
盛英汇,20-99人,游戏,4
思维云科技,0-20人,计算机软件,4
Insen Consulting,0-20人,人力资源服务,4
新意科技,100-499人,互联网金融,4
安捷睿机器人,20-99人,仪器仪表/工业自动化,4
纵行科技,100-499人,通信/网络设备,4
Ports,1000-9999人,其他行业,4
联想集团,10000人以上,计算机硬件,4
美了么信息科技,100-499人,互联网,4
亿峰顺网络科技,20-99人,新闻/出版,4
东信北邮,1000-9999人,移动互联网,4
建信融通,500-999人,互联网金融,4
福建快仓,0-20人,其他服务业,4
数字火花,20-99人,信息安全,4
壹亿互动,20-99人,互联网,4
宏途里诚,20-99人,证券/期货,4
信合达,100-499人,电子/半导体/集成电路,4
科际,500-999人,仪器仪表/工业自动化,4
鸿翼股份,500-999人,计算机软件,4
厦门易联网络有限公司,0-20人,社交网络,4
信通慧安,20-99人,互联网,4
福建迅腾电力集团,20-99人,电力/热力/燃气/水利,4
某大型互联网上市集团公司,1000-9999人,移动互联网,4
富润科技,100-499人,计算机软件,4
广州佳杰科技有限...,1000-9999人,计算机硬件,4
星瑞格,20-99人,计算机软件,4
泽宇科技工程,20-99人,工程施工,4
厦门熠达通,0-20人,通信/网络设备,4
智慧生态物联网,20-99人,互联网,4
蝉大师,100-499人,移动互联网,4
高伟达公司,1000-9999人,计算机软件,4
厦门中控,100-499人,计算机软件,4
睿思成科技,20-99人,计算机软件,4
歌纳德,0-20人,计算机软件,4
威芯泰,20-99人,机械设备/机电/重工,4
天用唯勤厦门分公司,100-499人,计算机软件,4
厦门逆讯科技有限...,0-20人,计算机软件,4
惠侨科技,20-99人,计算机软件,4
苏州科达,1000-9999人,通信/网络设备,4
依实信息科技,0-20人,互联网金融,4
风吉网络,20-99人,游戏,4
华联电子科技有限公司,500-999人,仪器仪表/工业自动化,4
小绿叶网络,20-99人,移动互联网,4
同类聚合,20-99人,互联网,4
承葛生物,100-499人,医疗健康,4
厦门科技馆,100-499人,在线教育,4
天互智能,0-20人,工程施工,4
易维信息,100-499人,计算机软件,4
大恒科技,100-499人,机械设备/机电/重工,4
思迈特软件,500-999人,计算机软件,4
优优控股集团,100-499人,培训机构,4
阳光照明集团,10000人以上,原材料及加工/模具,4
易联众长青科技,20-99人,互联网,4
易聚网络科技,20-99人,游戏,4
找对,20-99人,计算机软件,4
鼎汉技术,1000-9999人,交通/运输,4
大多数,20-99人,移动互联网,4
致一科技,20-99人,移动互联网,4
厦门欢乐园信息科...,20-99人,游戏,4
厦门花样家,20-99人,互联网,4
永兴东润,1000-9999人,服装/纺织/皮革,4
翼讯科技,20-99人,互联网,4
台和电子,1000-9999人,电子/半导体/集成电路,4
大圣创享,100-499人,电子商务,4
一为光羽,0-20人,互联网,4
三点墨,20-99人,移动互联网,4
中建材信息,1000-9999人,移动互联网,4
泰豫网络,20-99人,互联网,4
铭亮展陈,0-20人,广告/公关/会展,4
升迅信息,20-99人,计算机软件,4
腾播互娱,20-99人,互联网,4
美概念集团,500-999人,医疗/护理/卫生,4
鸿蒙福建省公司,20-99人,数据服务,4
厦门赢定科技股份...,20-99人,计算机服务,4
安智达,0-20人,船舶/航空/航天,4
网拓科技,100-499人,智能硬件,4
盐课堂,500-999人,在线教育,4
博泰(PATEO),1000-9999人,智能硬件,4
明延科技,0-20人,计算机软件,4
福建思凯,1000-9999人,音乐/视频/阅读,4
互易科技,20-99人,互联网,4
福建微洽通,20-99人,互联网金融,4
环寂高科,20-99人,环保,4
安踏,10000人以上,服装/纺织/皮革,4
某机械设备公司,20-99人,机械设备/机电/重工,4
泉网,20-99人,计算机硬件,4
璞才,0-20人,企业服务,4
奇侠兔游戏,20-99人,游戏,4
舌尖科技(北京)...,100-499人,互联网,4
千兔网络,0-20人,计算机软件,4
先导智能,1000-9999人,智能硬件,4
科路德,20-99人,智能硬件,4
固克节能科技股份,500-999人,建材,4
重庆新致金服,100-499人,计算机软件,4
厦门致杰智能科技,100-499人,电子/半导体/集成电路,4
亿豪恒鑫,20-99人,通信/网络设备,4
源航咨询,20-99人,培训机构,4
城联,20-99人,智能硬件,4
沃特沃德厦门分公司,20-99人,计算机软件,4
奥格智能,100-499人,通信/网络设备,4
MetaApp,100-499人,互联网,4
大大猫网络,20-99人,游戏,4
九牧厨卫股份有限公司,10000人以上,智能硬件,4
厦门创同,20-99人,计算机软件,4
多想互动,100-499人,广告/公关/会展,4
德侣康健,0-20人,医疗健康,4
喜多多集团,1000-9999人,食品/饮料/烟酒,4
厦门方特电影公司,500-999人,文化/体育/娱乐,4
致创能源,20-99人,计算机软件,4
汇利伟业,20-99人,互联网,4
云仓配,100-499人,物流/仓储,4
某大型通信上市公司,100-499人,通信/网络设备,4
厦门展联软件,20-99人,计算机软件,4
正大水产,10000人以上,农/林/牧/渔,4
佰思特(厦门)企...,0-20人,咨询,4
银信达资产,100-499人,银行,4
天梦,20-99人,游戏,4
建发物业集团,1000-9999人,物业服务,4
飞飞鱼,100-499人,电子商务,4
般纳文化传媒,0-20人,互联网,4
贝颜,100-499人,美容/美发,4
厦门信用公司,20-99人,计算机软件,4
卜鹿科技,0-20人,计算机软件,4
宏发股份,10000人以上,仪器仪表/工业自动化,4
易诺维,20-99人,计算机软件,4
三安光电股份有限公司,1000-9999人,电子/半导体/集成电路,4
众蝶软件,0-20人,计算机软件,4
姚明集团,100-499人,互联网,4
雅姿(厦门)集团...,20-99人,电子商务,4
弗瑞特,100-499人,其他行业,4
厦门如熙贸易有限公司,100-499人,电子商务,4
科之杰集团,500-999人,化工,4
厦门有家装饰,500-999人,装修装饰,4
一维天地,20-99人,计算机软件,4
六立方,20-99人,移动互联网,4
厦门异次元,20-99人,游戏,4
厦门网新众达,20-99人,计算机软件,4
万安智能,500-999人,工程施工,4
七星通联,100-499人,移动互联网,4
盛辉物流,1000-9999人,交通/运输,4
中航锂电,1000-9999人,新能源,4
湛华网络科技,20-99人,数据服务,4
领航讯通,20-99人,计算机软件,4
外贸牛,20-99人,互联网,4
华亿云图,20-99人,计算机服务,4
厦门原力互娱,20-99人,游戏,4
中元汇吉,1000-9999人,医疗设备/器械,4
咖湃电子,0-20人,电子商务,4
辰一,0-20人,电子/半导体/集成电路,4
久凌创新科技,20-99人,移动互联网,4
大北欧通讯设备(...,100-499人,通信/网络设备,4
台美德,20-99人,机械设备/机电/重工,4
维克空调,1000-9999人,其他行业,4
威派格,1000-9999人,智能硬件,4
厦门蔚可云,20-99人,互联网,4
星帜科技,20-99人,计算机服务,4
弘威崇安,0-20人,电子/半导体/集成电路,4
厦门益点,0-20人,互联网,4
深圳市威富集团,1000-9999人,通信/网络设备,4
艾地网络,20-99人,电子商务,4
龙胜达照明,1000-9999人,电子/半导体/集成电路,4
六芒,20-99人,移动互联网,4
海典软件华东,500-999人,计算机软件,4
鼎链数科厦门,0-20人,互联网,4
卡斯尔,0-20人,信息安全,4
凡成,100-499人,电子/半导体/集成电路,4
人众软件科技有限公司,20-99人,计算机软件,4
联屏文化,100-499人,广告/公关/会展,4
大学无疆,0-20人,互联网,4
金意恒金蝶软件,0-20人,计算机软件,4
厦门汉为,20-99人,信息安全,4
旭昶恒盛,20-99人,互联网,4
亿学软件,20-99人,计算机软件,4
Intertek天祥集团,1000-9999人,企业服务,4
厦门陈纪乐肴居食...,500-999人,食品/饮料/烟酒,4
凤凰互娱,20-99人,游戏,4
毋忘游,20-99人,游戏,4
空虾,0-20人,互联网,4
麦乐峰,20-99人,互联网,4
厦门科华,1000-9999人,智能硬件,4
绿盟科技,1000-9999人,信息安全,4
锐谷智联,20-99人,通信/网络设备,4
联达,100-499人,计算机硬件,4
联想,10000人以上,计算机软件,4
开创多维软件,100-499人,计算机软件,4
超开心,20-99人,互联网,4
厦门云赢,0-20人,企业服务,4
厦门和恒盛,20-99人,仪器仪表/工业自动化,4
博格网络,20-99人,游戏,4
图乐科技,0-20人,社交网络,4
百融云创,500-999人,数据服务,4
先行旅游,20-99人,互联网,4
福建振邦,100-499人,计算机软件,4
建发集团,10000人以上,工程施工,4
速盟科技有限公司,20-99人,互联网,4
为了你,20-99人,互联网,4
厦门威迪思,20-99人,汽车生产,4
笨汉,20-99人,工程施工,4
华强方特,1000-9999人,旅游,4
鼎信通达,100-499人,通信/网络设备,4
嘶嘶科技,0-20人,游戏,4
合兴包装,1000-9999人,印刷/包装/造纸,4
白龙马云行科技,100-499人,互联网,4
众联世纪,100-499人,移动互联网,4
一视科技,20-99人,电子/半导体/集成电路,4
珠海世博,100-499人,计算机软件,4
嗨范科技,20-99人,互联网,4
福建易本,0-20人,游戏,4
天璞智能,0-20人,智能硬件,4
星网智慧科技,100-499人,通信/网络设备,4
荆艺软件,20-99人,计算机软件,4
天翔网络,20-99人,游戏,4
康美特,20-99人,智能硬件,4
麦田房产集团,10000人以上,地产经纪/中介,4
厦门吉宏,1000-9999人,印刷/包装/造纸,4
悦讯科技,100-499人,移动互联网,4
厦门EOD,20-99人,游戏,4
翰林汇力（福建）...,100-499人,智能硬件,4
华蔚科技,0-20人,智能硬件,4
众数科技,20-99人,移动互联网,4
南北软件,100-499人,计算机软件,4
峰佑电子,20-99人,计算机软件,4
卓志供应链,1000-9999人,物流/仓储,4
文思海辉技术,10000人以上,计算机软件,4
厦门联豪,0-20人,智能硬件,4
视尔沃,1000-9999人,智能硬件,4
直播吧,100-499人,互联网,4
普维贸易,20-99人,电子商务,4
厦门博言善行电力...,20-99人,其他专业服务,4
海客信使,20-99人,移动互联网,4
致善生物,100-499人,医疗设备/器械,4
必易微电子技术,100-499人,电子/半导体/集成电路,4
TROLMASTER,20-99人,仪器仪表/工业自动化,4
厨芯,1000-9999人,智能硬件,4
凌度空间,20-99人,智能硬件,4
七弦,0-20人,广告营销,4
石头城,100-499人,互联网,4
方碑,0-20人,游戏,4
互易区,0-20人,移动互联网,3
厦门深义网络,20-99人,计算机软件,3
东技,20-99人,机械设备/机电/重工,3
易灵网络科技,20-99人,互联网,3
黑脉网络科技,0-20人,游戏,3
昊铭网络,20-99人,游戏,3
初创团队,0-20人,社交网络,3
新能汇聚,0-20人,计算机软件,3
飞朔生物,20-99人,医疗设备/器械,3
电安信息,0-20人,电力/热力/燃气/水利,3
遇米信息,100-499人,互联网,3
SuperDaddy,100-499人,互联网,3
胜吴,20-99人,电子商务,3
景延电子,0-20人,通信/网络设备,3
傲意,20-99人,智能硬件,3
米乐萌,20-99人,游戏,3
赞伯,20-99人,计算机软件,3
亿达信息,1000-9999人,计算机软件,3
米宫科技,0-20人,电子/半导体/集成电路,3
三九军大健康产业链,100-499人,移动互联网,3
星游互动,0-20人,游戏,3
捷思敏科技,0-20人,游戏,3
畅洲网络,0-20人,游戏,3
歆柯睿,20-99人,计算机软件,3
BHT,20-99人,计算机软件,3
得逸信息,1000-9999人,计算机软件,3
越洞,0-20人,游戏,3
游熙网络,20-99人,游戏,3
百康安,0-20人,医疗健康,3
博大视野,20-99人,智能硬件,3
豫北水利,20-99人,工程施工,3
助赢科技,20-99人,移动互联网,3
寒烁,20-99人,电子/半导体/集成电路,3
一束光科技,20-99人,计算机软件,3
致学教育,500-999人,培训机构,3
厦门安越,100-499人,工程施工,3
智慧云创,0-20人,计算机软件,3
厦门合嘉源集团,1000-9999人,物业服务,3
清雅源,20-99人,移动互联网,3
慧翰科技,100-499人,互联网,3
紫东花,0-20人,计算机软件,3
新德汇,500-999人,计算机软件,3
丹粟壹亭,0-20人,电子商务,3
众音,20-99人,装修装饰,3
乔丹体育,500-999人,批发/零售,3
蚂蚁日记,20-99人,互联网,3
厦门仙侠,20-99人,游戏,3
卡伦特,20-99人,计算机软件,3
厦门航空传媒科技,100-499人,计算机软件,3
点众商贸,20-99人,移动互联网,3
光大教育,100-499人,计算机软件,3
海晟融创,500-999人,计算机软件,3
软通动力信息技术集团,10000人以上,计算机软件,3
芝麻地,100-499人,计算机软件,3
威恩科技,0-20人,医疗健康,3
物源通,20-99人,互联网,3
厦门有梦互娱,20-99人,游戏,3
木搜科技,0-20人,计算机软件,3
帆软软件,1000-9999人,计算机软件,3
聚英教育,1000-9999人,在线教育,3
爱劳德,100-499人,机械设备/机电/重工,3
傲梦网络科技,500-999人,在线教育,3
中远方舟,20-99人,计算机软件,3
天健财智,20-99人,互联网,3
望九州,20-99人,智能硬件,3
大象健康,20-99人,计算机软件,3
厦门智宇,500-999人,互联网,3
华祥苑,1000-9999人,食品/饮料/烟酒,3
石叶科技,20-99人,互联网,3
星图安达,20-99人,电子/半导体/集成电路,3
译翼通,0-20人,互联网,3
光之能,20-99人,新能源,3
武林集团,1000-9999人,电子商务,3
奕聚智能,20-99人,仪器仪表/工业自动化,3
厦门CA,20-99人,信息安全,3
联想云,500-999人,企业服务,3
简创游戏,100-499人,游戏,3
星予网络,0-20人,游戏,3
赛利纳网络科技,20-99人,游戏,3
幻充共享充电宝,20-99人,智能硬件,3
欣邦诺,0-20人,通信/网络设备,3
中安科技,100-499人,计算机软件,3
中控科技,1000-9999人,计算机软件,3
助欣科技,20-99人,计算机软件,3
麦克奥迪,500-999人,机械设备/机电/重工,3
安硕信息,1000-9999人,计算机软件,3
厦门浪潮一点科技...,0-20人,计算机软件,3
镭杰明激光,0-20人,机械设备/机电/重工,3
互动创想,100-499人,移动互联网,3
汇纳科技,500-999人,互联网,3
厦门长塑实业有限公司,1000-9999人,原材料及加工/模具,3
网达先进,100-499人,通信/网络设备,3
厦门拓友软件,20-99人,互联网,3
汇享天成,20-99人,互联网金融,3
衍一科技,20-99人,移动互联网,3
云顶创联,20-99人,计算机软件,3
诺依曼,20-99人,广播/影视,3
金锐,1000-9999人,银行,3
汇管车,20-99人,互联网,3
燕之屋,500-999人,食品/饮料/烟酒,3
鹿课教育,20-99人,互联网,3
物通博联,20-99人,智能硬件,3
厦门谊美吉斯,20-99人,通信/网络设备,3
宅视界,0-20人,企业服务,3
百海科技,20-99人,计算机服务,3
厦门银江智慧城市,100-499人,互联网,3
鼎捷软件厦门公司,1000-9999人,计算机软件,3
奇泓科技,20-99人,电子商务,3
贝莱胜电子厦门,1000-9999人,电子/半导体/集成电路,3
厦门沐游,20-99人,游戏,3
速克,0-20人,互联网,3
瑞为信息技术,100-499人,智能硬件,3
纽客云科技服务公司,20-99人,电子商务,3
锐骐物联,20-99人,电子/半导体/集成电路,3
福建方广盛世信息...,0-20人,数据服务,3
厦门天星缘,20-99人,信息安全,3
海莱照明,1000-9999人,电子/半导体/集成电路,3
中兆云,100-499人,数据服务,3
好投科技,0-20人,企业服务,3
安恒信息,1000-9999人,信息安全,3
拜特科技,0-20人,计算机软件,3
点点互动,1000-9999人,游戏,3
一力网络科技,20-99人,游戏,3
喵宝科技,100-499人,智能硬件,3
粉象优选,20-99人,电子商务,3
历思,20-99人,仪器仪表/工业自动化,3
微赛网络,20-99人,互联网,3
乔夫科技,0-20人,电子商务,3
熵基科技,1000-9999人,智能硬件,3
艾未派,0-20人,计算机软件,3
汇思博,100-499人,计算机软件,3
谱育,20-99人,仪器仪表/工业自动化,3
KOI 可宜,1000-9999人,餐饮,3
永得立互联网有限公司,0-20人,互联网,3
摩尔软件,100-499人,计算机软件,3
在田,20-99人,移动互联网,3
上海梦莱,20-99人,生活服务,3
寰宇普惠,20-99人,互联网,3
爱梯囊网络,0-20人,互联网,3
某大型半导体公司,100-499人,电子/半导体/集成电路,3
龙骏达厦门机械,0-20人,仪器仪表/工业自动化,3
多趣想,20-99人,计算机软件,3
京奥技术,20-99人,通信/网络设备,3
中构新材,100-499人,建材,3
精研自动化元件,100-499人,仪器仪表/工业自动化,3
天源欧瑞,20-99人,船舶/航空/航天,3
易阳光电子,0-20人,电子/半导体/集成电路,3
厦门浩亿影业集团...,100-499人,广播/影视,3
云铺科技,20-99人,电子商务,3
万众基云,0-20人,互联网,3
厦门赛游科技,20-99人,游戏,3
汇通集团,20-99人,互联网金融,3
椰子熊,0-20人,游戏,3
豪哥在线,0-20人,广告/公关/会展,3
黑镜科技,20-99人,移动互联网,3
河姆渡,500-999人,移动互联网,3
芯阳科技,100-499人,其他行业,3
璞元,20-99人,计算机软件,3
厦门市派美特科技...,100-499人,电子/半导体/集成电路,3
盏行天下,20-99人,互联网,3
益财,20-99人,企业服务,3
彩虹梦投资,100-499人,企业服务,3
惠榕,100-499人,互联网,3
羽星科技,20-99人,互联网,3
预策蔚来,0-20人,批发/零售,3
碧谷科技,100-499人,计算机软件,3
高瑞特,20-99人,电力/热力/燃气/水利,3
极思科技,0-20人,计算机软件,3
指舞网络-互联网服务,20-99人,计算机软件,3
雷诺思邦,20-99人,仪器仪表/工业自动化,3
康柏集团,100-499人,机械设备/机电/重工,3
精东飞,1000-9999人,机械设备/机电/重工,3
吉士汀,500-999人,食品/饮料/烟酒,3
厦门人才频道培训中心,20-99人,在线教育,3
碧瑞开,0-20人,移动互联网,3
卡贝乐,20-99人,其他行业,3
北京共筑,20-99人,广告营销,3
兆尹科技,1000-9999人,计算机软件,3
鸿翌云,0-20人,通信/网络设备,3
欧立通,100-499人,智能硬件,3
上海蓬海涞讯,100-499人,医疗健康,3
石猫科技股份,20-99人,广告营销,3
印滴信息,0-20人,医疗健康,3
醉品春秋,100-499人,移动互联网,3
海银智慧,0-20人,智能硬件,3
风扬,0-20人,游戏,3
QuEST Global,10000人以上,计算机软件,3
大嵩,20-99人,互联网,3
数码大方,500-999人,计算机软件,3
厦门裕豪万通,20-99人,电子商务,3
启超,100-499人,新能源,3
厦门云眹,0-20人,移动互联网,3
安费诺电子,1000-9999人,智能硬件,3
厦门美拉,20-99人,电子商务,3
金名节能,20-99人,环保,3
定向网媒,20-99人,计算机软件,3
笔儿尖尖,20-99人,智能硬件,3
芯泰达集成电路,0-20人,电子/半导体/集成电路,3
欧兰普,100-499人,电子/半导体/集成电路,3
意行半导体,20-99人,电子/半导体/集成电路,3
光服科技,0-20人,智能硬件,3
乐域,20-99人,互联网,3
厦门森林海工贸,20-99人,印刷/包装/造纸,3
厦门多快好省,20-99人,互联网金融,3
盛秦,0-20人,电子商务,3
厦门乐聚时代,0-20人,游戏,3
欣贺股份有限公司,1000-9999人,服装/纺织/皮革,3
鑫璨教育,20-99人,培训机构,3
世达膜,20-99人,环保,3
乐龙网络,0-20人,电子商务,3
博珊科技,0-20人,计算机软件,3
造梦科技,20-99人,游戏,3
正艾科技,0-20人,仪器仪表/工业自动化,3
丰巢,1000-9999人,互联网,3
精芯科技,100-499人,机械设备/机电/重工,3
上海凯泉,1000-9999人,机械设备/机电/重工,3
上海熊猫水泵福建,20-99人,机械设备/机电/重工,3
厦门智瞳科技有限公司,0-20人,智能硬件,3
厦门曦然科技有限公司,0-20人,智能硬件,3
赞国文化,20-99人,互联网,3
青瓜传媒,20-99人,广告营销,3
创世代有限公司,20-99人,游戏,3
厦门东鹏,20-99人,贸易/进出口,3
兴雪莱,500-999人,服装/纺织/皮革,3
联捷星,100-499人,计算机硬件,3
DNS.COM,20-99人,互联网,3
精位时空,20-99人,数据服务,3
致睿智控,20-99人,企业服务,3
蚂蚁特工,20-99人,广告营销,3
聚英教育集团,500-999人,在线教育,3
寰球佰业,100-499人,企业服务,3
纳路环保科技,100-499人,环保,3
勇跃互动,20-99人,游戏,3
易格,0-20人,计算机软件,3
厦门鑫点击网络,100-499人,互联网,3
厦门信和达电子,500-999人,贸易/进出口,3
迪爱斯,500-999人,信息安全,3
淘金互动,20-99人,游戏,3
某大型互联网公司,100-499人,互联网,3
蓝海天,20-99人,计算机服务,3
柏益加,20-99人,智能硬件,3
神鱼科技,20-99人,互联网,3
齐艺科技,100-499人,电子商务,3
幻视互动(厦门)...,20-99人,游戏,3
厦门六次方游戏,20-99人,游戏,3
清源Clenergy,500-999人,原材料及加工/模具,3
远红应急科技,20-99人,数据服务,3
回未科技(厦门)...,0-20人,计算机软件,3
厦门普昕生物技术,20-99人,医疗设备/器械,3
安安出行,20-99人,计算机软件,3
慧成电商,500-999人,电子商务,3
厦门君衡,0-20人,咨询,3
岭纬智能科技,20-99人,智能硬件,3
捷顺科技(厦门公司),1000-9999人,移动互联网,3
厦门冠科科技,20-99人,计算机软件,3
京东邦,0-20人,批发/零售,3
鱼视传媒,0-20人,广播/影视,3
一博控股集团,100-499人,贸易/进出口,3
后古/听末/糖丁,1000-9999人,婚庆/摄影,3
蚂蚁云创,20-99人,其他服务业,3
群量,20-99人,广告营销,3
厦门唯科健康产业,500-999人,电子/半导体/集成电路,3
玩美网络,20-99人,游戏,3
铸远集团,100-499人,培训机构,3
凌创科技,20-99人,计算机软件,3
索兰黛,1000-9999人,医疗/护理/卫生,3
泓祺匠仁网络科技,0-20人,媒体,3
码码网络,0-20人,移动互联网,3
百度信誉认证,20-99人,广告营销,3
启尚科技,10000人以上,计算机软件,3
厦门集恩图造信息...,20-99人,计算机软件,3
鑫鸿煊,20-99人,计算机硬件,3
骐凌芯,0-20人,智能硬件,3
呱牛,20-99人,计算机软件,3
易纵网络,0-20人,游戏,3
三绎信息,0-20人,通信/网络设备,3
神州数码（中国）有限公司,10000人以上,通信/网络设备,3
美亚商鼎,20-99人,计算机软件,3
翰普电子,20-99人,电子/半导体/集成电路,3
厦门苍狼网络,20-99人,游戏,3
创想,0-20人,企业服务,3
埃斯网络,20-99人,计算机软件,3
青云信息技术,0-20人,计算机软件,3
快商通科技股份公司,100-499人,企业服务,3
乐范,20-99人,医疗健康,3
厦门区块分布科技,20-99人,互联网,3
宇客云,0-20人,计算机软件,3
厦门达宸信信息科...,20-99人,互联网,3
罗普特,500-999人,计算机软件,3
云天半导体,100-499人,电子/半导体/集成电路,3
棱创科技,0-20人,计算机服务,3
联豪网络,20-99人,通信/网络设备,3
歆柯睿信息科技,0-20人,计算机软件,3
迈岭科技,0-20人,计算机软件,3
斯巴特,1000-9999人,贸易/进出口,3
沛乐迪,500-999人,分类信息,3
美家美户,0-20人,建材,3
易宝信息科技,0-20人,计算机服务,3
浩鲸科技,1000-9999人,通信/网络设备,3
无忧云企,0-20人,计算机软件,3
图扑软件,100-499人,计算机软件,3
厦门旺德富科技公司,20-99人,互联网,3
拓德泰克,100-499人,计算机软件,3
天力源,100-499人,电子/半导体/集成电路,3
撒马依网络科技,20-99人,社交网络,3
天融信,1000-9999人,信息安全,3
厦门泛卓信息科技,100-499人,计算机软件,3
西人马科技,500-999人,智能硬件,3
厦门锐益达,20-99人,智能硬件,3
万科物业服务有限公司,1000-9999人,其他服务业,3
川泽电气,0-20人,电子/半导体/集成电路,3
导航者软件,20-99人,计算机软件,3
步云科技,20-99人,移动互联网,3
阿奇索网络,0-20人,计算机服务,3
初景科技,0-20人,智能硬件,3
厦门西皇科技,0-20人,互联网,3
联迪商用,1000-9999人,智能硬件,3
莱米诺贸易,500-999人,电子商务,3
玖洲优创,0-20人,在线教育,3
厦门盈点科技有限...,100-499人,互联网,3
久银信息技术,20-99人,计算机软件,3
厦门朴思,0-20人,贸易/进出口,3
凯纳特,20-99人,通信/网络设备,3
豪美特实业,20-99人,医疗设备/器械,3
黑岛科技,20-99人,游戏,3
巢树,20-99人,移动互联网,3
福建亲亲股份有限...,1000-9999人,食品/饮料/烟酒,3
微易软件,0-20人,计算机软件,3
厦门交保通达信息科技,20-99人,互联网,3
游态度,20-99人,游戏,3
瀛联科技,100-499人,计算机软件,3
黑湖科技,100-499人,企业服务,3
思泰克智能,20-99人,仪器仪表/工业自动化,3
唯智信息,500-999人,计算机软件,3
中锐,100-499人,通信/网络设备,3
丹纳赫（上海）企...,1000-9999人,医疗设备/器械,3
脉合信息,20-99人,移动互联网,3
北大软件,500-999人,互联网,3
舰桥物联,20-99人,计算机服务,3
日华科技,100-499人,通信/网络设备,3
歌德影音,0-20人,智能硬件,3
蝶之谷动漫,0-20人,游戏,3
中正吸金电子商务,20-99人,投资/融资,3
福龙马,10000人以上,其他服务业,3
品谱,500-999人,其他行业,3
厦门中网联,20-99人,互联网,3
灵云科技,0-20人,互联网,3
纪石科技,20-99人,游戏,3
研域科技,0-20人,计算机软件,3
时代银软,0-20人,计算机软件,3
天闻全优,20-99人,计算机服务,3
易洁科技,20-99人,互联网,3
阿里集团,10000人以上,移动互联网,3
太古飞机,1000-9999人,船舶/航空/航天,3
慧鼎科技,20-99人,计算机软件,3
KESION,20-99人,计算机软件,3
爱陆通通信,20-99人,移动互联网,3
弘领信息,20-99人,计算机软件,3
领舜,0-20人,计算机软件,3
福建企企科技有限公司,100-499人,计算机软件,3
厦门凯风电子有限公司,20-99人,电子商务,3
厦门仁优,100-499人,计算机软件,3
厦门三普,0-20人,计算机硬件,3
影诺医疗,20-99人,医疗健康,3
汉印电商,1000-9999人,电子商务,3
融信汇,20-99人,数据服务,3
脑洞云,20-99人,移动互联网,3
麦金世纪,100-499人,电子商务,3
云腾盛合,100-499人,O2O,3
亿池麟科技,20-99人,电子商务,3
蓝星,100-499人,医疗/护理/卫生,3
厦门金鹭,1000-9999人,机械设备/机电/重工,3
锐益达电子,20-99人,通信/网络设备,3
厦门四六开,0-20人,互联网,3
中塔日升,20-99人,信息安全,2
友为软件,100-499人,企业服务,2
HOPERGY,100-499人,贸易/进出口,2
中信网安,100-499人,信息安全,2
金仕达,1000-9999人,计算机软件,2
海悦电气,20-99人,电力/热力/燃气/水利,2
浪潮软件集团,1000-9999人,信息安全,2
字强不息,100-499人,培训机构,2
聚和创业,20-99人,运营商/增值服务,2
圈游公司,0-20人,移动互联网,2
厦门欢乐园投资管理,100-499人,音乐/视频/阅读,2
科讯达,0-20人,通信/网络设备,2
厦门盎印信息科技,20-99人,原材料及加工/模具,2
厦门优加模具有限公司,20-99人,原材料及加工/模具,2
众项,20-99人,移动互联网,2
宏梦邦,0-20人,学前教育,2
致远互联,1000-9999人,计算机软件,2
疆川,20-99人,移动互联网,2
互啪互动,20-99人,移动互联网,2
蓝鲸软件,20-99人,计算机软件,2
坚朗五金,10000人以上,工程施工,2
美菜,10000人以上,电子商务,2
联想云领,1000-9999人,计算机硬件,2
领格科技,0-20人,机械设备/机电/重工,2
厦门维纳通,20-99人,医疗设备/器械,2
御擎科技,0-20人,计算机软件,2
途柚汽车,100-499人,汽车生产,2
讯网天下,0-20人,互联网,2
朗新天霁,100-499人,计算机软件,2
立申,500-999人,服装/纺织/皮革,2
方圆创世科技,0-20人,通信/网络设备,2
纬创软件,1000-9999人,计算机软件,2
中万恩科技,500-999人,生活服务,2
厦门智汇祥盈,20-99人,计算机软件,2
数据谷,20-99人,数据服务,2
商科信息,500-999人,智能硬件,2
梵喆,20-99人,广告营销,2
飞博共创,100-499人,移动互联网,2
高数,20-99人,数据服务,2
福相科技,20-99人,电子/半导体/集成电路,2
橘子树资本,0-20人,互联网金融,2
爱贝网络,100-499人,计算机软件,2
匠域集团,1000-9999人,其他服务业,2
福建省华都检测,20-99人,检测/认证,2
蓝澳信息技术,20-99人,互联网,2
厦门市星纳软件,20-99人,计算机软件,2
维控科技,100-499人,仪器仪表/工业自动化,2
大冶景观,100-499人,其他行业,2
汇世通,0-20人,互联网,2
阿里巴巴国际事业部,10000人以上,互联网,2
FYROBOT,20-99人,机械设备/机电/重工,2
福建英剑集团有限公司,10000人以上,培训机构,2
科诚杰,20-99人,环保,2
厦门视决,0-20人,广播/影视,2
海菲生物,20-99人,医疗设备/器械,2
瑞和创科技,0-20人,游戏,2
士兰微,20-99人,计算机软件,2
厦门悦声通讯,100-499人,电子/半导体/集成电路,2
厦门信翼鑫,20-99人,通信/网络设备,2
厦门博言善行咨询公司,20-99人,咨询,2
海柏克斯电气,20-99人,仪器仪表/工业自动化,2
厦门特印实业有限公司,0-20人,机械设备/机电/重工,2
濠江,20-99人,机械设备/机电/重工,2
矩阵出海文化传媒,20-99人,互联网,2
保沣,500-999人,原材料及加工/模具,2
瑞景祥,20-99人,证券/期货,2
北京中翰仪器有限公司,100-499人,批发/零售,2
装速配科技,100-499人,电子商务,2
德久装饰,0-20人,建材,2
艺难忘,20-99人,电子商务,2
埃克斯工业,100-499人,电子/半导体/集成电路,2
即刻雾联,20-99人,互联网,2
泛德,100-499人,通信/网络设备,2
金网科技,20-99人,互联网,2
金方略咨询,20-99人,咨询,2
万睿科技,1000-9999人,智能硬件,2
炬源云科技,20-99人,新能源,2
金禹创,0-20人,装修装饰,2
天维信息,500-999人,计算机软件,2
厦门同创信息,20-99人,计算机软件,2
畅亭网络科技,0-20人,计算机软件,2
科易网,100-499人,企业服务,2
汇银通达,0-20人,互联网,2
厦门坦承嘉品,20-99人,电子商务,2
深圳中青汇智教育...,20-99人,在线教育,2
至隆真空,100-499人,机械设备/机电/重工,2
惠通世纪,0-20人,互联网,2
太仪自动化技术,0-20人,计算机软件,2
小雨,20-99人,计算机软件,2
原物网络科技,100-499人,互联网,2
阳光城,1000-9999人,房地产开发,2
天度股份,20-99人,计算机软件,2
鲸素,0-20人,医疗健康,2
象屿,1000-9999人,贸易/进出口,2
逸优逸乐,20-99人,移动互联网,2
励航软件,0-20人,计算机软件,2
富思特,1000-9999人,工程施工,2
圣莎拉化妆品公司,500-999人,企业服务,2
厦门市房加一信息...,0-20人,计算机软件,2
领物-云上印花,0-20人,企业服务,2
厦门达讯,0-20人,新零售,2
非寻,20-99人,服装/纺织/皮革,2
某知名智能硬件公司,1000-9999人,智能硬件,2
欣泰康,0-20人,其他服务业,2
贯信,100-499人,互联网,2
豪迪微电子,100-499人,电子/半导体/集成电路,2
星旗互娱网络科技,20-99人,媒体,2
厦门互娱网络科技,0-20人,游戏,2
欧易奇,0-20人,智能硬件,2
厦门晟阳科技有限...,20-99人,计算机软件,2
慧成电商,100-499人,互联网,2
厦门联冠,20-99人,数据服务,2
众库科技,100-499人,新零售,2
厦门麦思睿,0-20人,计算机软件,2
星座卫星应用研究院,0-20人,船舶/航空/航天,2
惟贝特,100-499人,电子/半导体/集成电路,2
厦门翼百信,20-99人,互联网,2
思汉信息,20-99人,移动互联网,2
壹生科技,500-999人,移动互联网,2
北京文香,100-499人,计算机软件,2
幼之幼,20-99人,互联网,2
厦门褀砾环保,20-99人,环保,2
灵锐科技,0-20人,计算机服务,2
一路智能,20-99人,O2O,2
炬研电子科技有限公司,20-99人,电子/半导体/集成电路,2
中智维,20-99人,互联网,2
力鼎光电,1000-9999人,电子/半导体/集成电路,2
厦门幻眼,20-99人,互联网,2
厦门中恒天下,20-99人,计算机软件,2
厦门厦家宽网络,0-20人,通信/网络设备,2
金双胜,100-499人,贸易/进出口,2
波生生物,100-499人,医疗设备/器械,2
云顶伟业,20-99人,计算机软件,2
云杉美菜,10000人以上,互联网,2
傲意科技,20-99人,智能硬件,2
玖城科技,20-99人,移动互联网,2
柏玺皓科技,0-20人,企业服务,2
昊天云商,0-20人,移动互联网,2
安腾科技,0-20人,计算机硬件,2
厦门海达人网络科...,0-20人,互联网,2
厦门彰泰(Letbon雷朋),100-499人,汽车零部件,2
悠洗,20-99人,互联网,2
厦门卓远,20-99人,计算机软件,2
重庆易法通法律咨...,500-999人,互联网,2
无比教育科技,20-99人,学前教育,2
云述知识产权,0-20人,专利/商标/知识产权,2
领星,100-499人,计算机软件,2
智趣互娱,0-20人,游戏,2
哲林高拍仪,20-99人,智能硬件,2
厦门亿米米网络科...,0-20人,游戏,2
厦门邦赞软件有限...,0-20人,企业服务,2
春蚕教育,0-20人,计算机软件,2
世茂新领航置业,100-499人,房地产开发,2
水熊漫步,0-20人,游戏,2
厦门美盾,0-20人,计算机硬件,2
厦门精成自动化公司,0-20人,机械设备/机电/重工,2
厦门帝凯,100-499人,电力/热力/燃气/水利,2
招商宝,20-99人,电子商务,2
起势动画,0-20人,文化/体育/娱乐,2
厦门瑞固科技有限公司,20-99人,机械设备/机电/重工,2
网中网,100-499人,计算机软件,2
云集天下,0-20人,社交网络,2
厦门金鸿天下网络科技,0-20人,移动互联网,2
DLS,20-99人,机械设备/机电/重工,2
傲维集团,100-499人,医疗健康,2
至精诚,20-99人,计算机硬件,2
智融合,20-99人,数据服务,2
鑫华锋,0-20人,计算机软件,2
云知讯,0-20人,计算机硬件,2
门门,0-20人,电子商务,2
厦门亿橙科技有限公司,20-99人,互联网,2
厦门众威达节能科技,20-99人,机械设备/机电/重工,2
科融联合,20-99人,互联网金融,2
群微科技,0-20人,互联网,2
厦门正天信息科技...,20-99人,互联网,2
恒节康,0-20人,电子/半导体/集成电路,2
青岛海尔集团人力资源,10000人以上,人力资源服务,2
亿力吉奥,500-999人,计算机软件,2
车掌柜,0-20人,移动互联网,2
唯质,20-99人,汽车零部件,2
中环宏程,20-99人,装修装饰,2
鑫美译,0-20人,翻译,2
新页集团,100-499人,电子/半导体/集成电路,2
万渤,0-20人,其他服务业,2
鸬伟基,0-20人,电子/半导体/集成电路,2
凯博尔智能装备,20-99人,机械设备/机电/重工,2
翼华科技,100-499人,互联网,2
供渔,0-20人,电子商务,2
领头羊科技,0-20人,计算机软件,2
厦门一品威客网,500-999人,移动互联网,2
七匹狼,20-99人,生活服务,2
齐物社,20-99人,在线教育,2
有束光,0-20人,其他服务业,2
泽尔马,20-99人,电子/半导体/集成电路,2
奥斯福,100-499人,机械设备/机电/重工,2
厦门新东方,1000-9999人,在线教育,2
叁壹教育,20-99人,计算机软件,2
博思软件,1000-9999人,计算机软件,2
首映(厦门)文化...,20-99人,文化/体育/娱乐,2
厦门湖里万达,100-499人,其他行业,2
昕元熙商贸,20-99人,服装/纺织/皮革,2
南光高科NGL,20-99人,仪器仪表/工业自动化,2
福建佰时德能源,20-99人,新能源,2
银旭,100-499人,企业服务,2
光联科技,100-499人,通信/网络设备,2
海澳集团,100-499人,石油/石化,2
三福,10000人以上,批发/零售,2
蚂蚁盒知,20-99人,计算机软件,2
摩丰科技,20-99人,游戏,2
立君子,1000-9999人,企业服务,2
点媒科技,0-20人,移动互联网,2
飞虎公司,100-499人,原材料及加工/模具,2
百通科技,0-20人,互联网,2
九思互娱网络科技,0-20人,游戏,2
赫星,20-99人,批发/零售,2
浩奕网络,0-20人,互联网,2
厦门易联众易方科技,20-99人,计算机软件,2
瑞绿环保科技,100-499人,环保,2
科技谷,20-99人,互联网,2
兔跑信息科技,0-20人,文化/体育/娱乐,2
巢享洗车,20-99人,其他服务业,2
某大型计算机软件上市公司,500-999人,计算机软件,2
优袄德,0-20人,批发/零售,2
谷点教育科技,20-99人,互联网,2
中环水科技股份公司,20-99人,环保,2
远想云,20-99人,信息安全,2
波浪线,20-99人,互联网,2
爱芯环保股份,100-499人,智能硬件,2
火鸽,0-20人,互联网,2
深圳鹭宇,20-99人,其他服务业,2
智懋科技,500-999人,通信/网络设备,2
鼎琛恒网络,0-20人,互联网,2
印美佳达,20-99人,计算机硬件,2
攸信技术,100-499人,智能硬件,2
厦门市三友和机械,20-99人,机械设备/机电/重工,2
玲锐,20-99人,电子/半导体/集成电路,2
快云,100-499人,互联网,2
厦门展晶,0-20人,贸易/进出口,2
厦门众合同策信息...,20-99人,咨询,2
泰阳新能源,20-99人,电力/热力/燃气/水利,2
红小点,0-20人,运营商/增值服务,2
厦门新东方烹饪学校,100-499人,院校,2
亿立特智能科技,0-20人,计算机软件,2
泰东方国际医疗旅游,100-499人,医疗健康,2
水鹿卫浴,20-99人,家具/家电/家居,2
构力,500-999人,计算机软件,2
天馨室内贸易,20-99人,装修装饰,2
西牛科技,20-99人,计算机软件,2
厦门安易信,100-499人,生活服务,2
绘阙,0-20人,建材,2
奇点数字,20-99人,数据服务,2
祺恒达,20-99人,机械设备/机电/重工,2
福富公司,1000-9999人,计算机软件,2
千歌万曲,0-20人,音乐/视频/阅读,2
可感物联,0-20人,智能硬件,2
玩街,0-20人,移动互联网,2
千秀科技,20-99人,电子商务,2
安德资产,500-999人,物业服务,2
美斯美刻,0-20人,广告营销,2
睿界科技,20-99人,互联网,2
零点联合网络科技,500-999人,分类信息,2
福建活石,100-499人,电子商务,2
久贤,20-99人,新能源,2
纳美斯电子,0-20人,机械设备/机电/重工,2
MBA智库,20-99人,互联网,2
海加容,0-20人,其他专业服务,2
厦门旅游培训中心,0-20人,培训机构,2
好财气管理咨询,20-99人,咨询,2
数贝云集,0-20人,数据服务,2
康博施,0-20人,计算机软件,2
PaaSoo,20-99人,互联网,2
阿里高德,500-999人,移动互联网,2
弘有信信息,100-499人,计算机服务,2
某电子公司,20-99人,电子/半导体/集成电路,2
深海蓝洞,20-99人,移动互联网,2
厦门维觉创意文化产业,0-20人,广告/公关/会展,2
泰鼎阁,0-20人,游戏,2
奥哲,500-999人,互联网,2
厦门点媒,20-99人,企业服务,2
福建易华录,20-99人,计算机软件,2
厦门掌讯信息技术...,20-99人,企业服务,2
行圆信息,0-20人,互联网,2
博折淘,500-999人,移动互联网,2
中泉安,100-499人,通信/网络设备,2
拉森贸易,100-499人,贸易/进出口,2
三头六臂,1000-9999人,汽车生产,2
易商世纪互联,20-99人,互联网,2
厦门硅田系统,20-99人,计算机软件,2
嘉和美康,1000-9999人,计算机软件,2
立达信绿色照明,10000人以上,其他行业,2
厦门象屿,10000人以上,物流/仓储,2
招银云创,500-999人,计算机软件,2
暗泉信息,20-99人,信息安全,2
夕游游戏,0-20人,游戏,2
云苍穹信息科技,0-20人,计算机软件,2
厦门数字火花,0-20人,计算机软件,2
口袋传奇,20-99人,游戏,2
小泥鳅网络,0-20人,计算机软件,2
恒达福科技,100-499人,通信/网络设备,2
宇科塑料,100-499人,原材料及加工/模具,2
季季乐,100-499人,企业服务,2
厦门TDK,1000-9999人,电子/半导体/集成电路,2
贞道社,0-20人,企业服务,2
赫瑞森,0-20人,通信/网络设备,2
斐乐服饰有限公司,500-999人,新零售,2
欣磐科技,20-99人,计算机软件,2
普汇通网络科技公司,20-99人,广告营销,2
中实汇,100-499人,新零售,2
众易云算,0-20人,计算机硬件,2
厦门合诚,100-499人,工程施工,2
超音速,0-20人,互联网,2
百胜通,20-99人,互联网,2
饿了么,10000人以上,O2O,2
天源锦合,20-99人,通信/网络设备,2
创惠美,100-499人,美容/美发,2
通富微电,1000-9999人,电子/半导体/集成电路,2
英诺尔股份,100-499人,电子/半导体/集成电路,2
华测,10000人以上,信息安全,2
话仙,0-20人,游戏,2
新地数控,0-20人,计算机硬件,2
时代创举,0-20人,互联网,2
通标标准技术服务...,1000-9999人,检测/认证,2
派点科技,20-99人,互联网,2
灰度科技,20-99人,移动互联网,2
凯立,500-999人,仪器仪表/工业自动化,2
美帮,100-499人,互联网,2
中贯电子,0-20人,电子/半导体/集成电路,2
橙宝网,20-99人,电子商务,2
赢于同心,0-20人,计算机软件,2
信达股份,1000-9999人,贸易/进出口,2
中捷科技,20-99人,智能硬件,2
天允酷视,0-20人,其他专业服务,2
厦门康测,0-20人,智能硬件,2
红领鲸,20-99人,电子商务,2
马帮,500-999人,计算机软件,2
中影票务通,100-499人,互联网,2
克洛斯威,100-499人,电子商务,2
oukai,20-99人,食品/饮料/烟酒,2
支点教育,100-499人,培训机构,2
酷悦网络,20-99人,游戏,2
FURBS,20-99人,电子商务,2
厦门默往科技有限公司,20-99人,社交网络,2
默往科技,20-99人,互联网,2
和维科技,0-20人,数据服务,2
明略科技,1000-9999人,互联网,2
小快网络,20-99人,计算机软件,2
吉特利公司,500-999人,环保,2
科盛,20-99人,贸易/进出口,2
有葆正,20-99人,计算机软件,2
厦门赢领汽车制造...,0-20人,汽车生产,2
善品行辕,0-20人,装修装饰,2
斑鸠学院-云端大学,20-99人,在线教育,2
某电子商务公司,20-99人,电子商务,2
XINAOLI,20-99人,机械设备/机电/重工,2
厦门鑫点击,100-499人,企业服务,2
天行泰,0-20人,移动互联网,2
吉信德,500-999人,贸易/进出口,2
光动时代,20-99人,广播/影视,2
厦门乔扬电子科技,20-99人,电子/半导体/集成电路,2
新游网络,20-99人,计算机软件,2
佰能蓝天华南分公司,100-499人,智能硬件,2
陶朗环保技术,20-99人,环保,2
某大型互联网金融公司,100-499人,互联网金融,2
公合科技,20-99人,移动互联网,2
厦门优迅,20-99人,电子/半导体/集成电路,2
瑞听听力,20-99人,医疗设备/器械,2
厦门佳旭成,20-99人,企业服务,2
厦门金哆哆科技咨...,0-20人,其他服务业,2
眷墨科技,20-99人,互联网,2
千云游戏,0-20人,游戏,2
南讯股份,100-499人,移动互联网,2
酷追科技,20-99人,计算机软件,2
麒游网络,0-20人,游戏,2
厦门意游地信息科...,20-99人,游戏,2
厦门燕之屋生物工...,1000-9999人,批发/零售,2
赛客医疗,20-99人,医疗设备/器械,2
羚羊搜索金融,20-99人,租赁/拍卖/典当/担保,2
建霖集团,1000-9999人,家具/家电/家居,2
厦门威虎科技,0-20人,游戏,2
唯普科技,0-20人,信息安全,2
鼎运,20-99人,仪器仪表/工业自动化,2
身份宝,20-99人,互联网,2
橙叻,100-499人,医疗设备/器械,2
成信集团,100-499人,工程施工,2
厦门三槐,20-99人,智能硬件,2
味千拉面,10000人以上,餐饮,2
海彦科技,20-99人,计算机软件,2
中控,500-999人,智能硬件,2
法码天平,0-20人,移动互联网,2
艾睿微尔,20-99人,互联网,2
燕科信息,20-99人,计算机软件,2
翔邦,100-499人,原材料及加工/模具,2
酷酷猫,20-99人,数据服务,2
华健蓝海医疗科技,20-99人,医疗/护理/卫生,2
极客卓越科技,500-999人,培训机构,2
柏才,20-99人,计算机软件,2
万宝盛华信息科技...,10000人以上,人力资源服务,2
斗牛蚁,100-499人,互联网,2
筑购网,20-99人,数据服务,2
汉合天辰,20-99人,文化/体育/娱乐,2
御锟科技,0-20人,企业服务,2
全磊光电,100-499人,电子/半导体/集成电路,2
文子数饭,0-20人,智能硬件,2
kodingman,0-20人,互联网,2
天鸽行,20-99人,计算机软件,2
厦门长江电子,100-499人,电子/半导体/集成电路,2
海医汇,20-99人,医疗健康,2
天猫,10000人以上,互联网,2
睿游网络技术,0-20人,游戏,2
基准方中,1000-9999人,建筑设计,2
厦芝科技工具有限公司,100-499人,机械设备/机电/重工,2
恒创互联,20-99人,计算机软件,2
赐金科技,0-20人,投资/融资,2
北明软件,1000-9999人,互联网,2
思芯微,100-499人,电子/半导体/集成电路,2
晋泰科技,20-99人,计算机服务,2
中微普创,0-20人,环保,2
优米互动,20-99人,游戏,2
路桥信息,100-499人,计算机软件,2
精艺达翻译,20-99人,其他服务业,2
爱米邦教育,20-99人,学术/科研,2
始计,0-20人,证券/期货,2
爱迪特环保,100-499人,环保,2
智云印家,0-20人,印刷/包装/造纸,2
撼界科技,20-99人,游戏,2
付联信息,100-499人,互联网金融,2
领夏智能科技,20-99人,贸易/进出口,2
木示令页,0-20人,机械设备/机电/重工,2
广为之,20-99人,互联网,2
某知名互联网上市公司,1000-9999人,互联网,2
超游网络,20-99人,互联网,2
厦门风云教育,20-99人,计算机服务,2
鹭信成,0-20人,医疗健康,2
创元邦达软件,20-99人,互联网,2
广埸,0-20人,机械设备/机电/重工,2
厦门思科迪电子商务,100-499人,电子商务,2
万可信息,20-99人,电子商务,2
蒙发利,1000-9999人,医疗健康,2
秀衫衫贸易,100-499人,服装/纺织/皮革,2
元舜供应链,100-499人,物流/仓储,2
礼派,20-99人,电子商务,2
星环科技,1000-9999人,互联网,2
厦门吉科卫浴有限公司,100-499人,原材料及加工/模具,2
汇博龙芯,0-20人,电子/半导体/集成电路,2
厦门市世界日记贸...,100-499人,电子商务,2
北京时间中国网,100-499人,媒体,2
思码科技,0-20人,通信/网络设备,2
梦互动,0-20人,游戏,2
鼎信通讯,1000-9999人,工程施工,2
司马图,20-99人,计算机软件,2
信拾知识产权,0-20人,企业服务,2
赛摩积硕科技,100-499人,仪器仪表/工业自动化,2
厦门农信渔联,20-99人,移动互联网,2
超新芯科技chip-nova,20-99人,电子/半导体/集成电路,2
厦门联合智创,20-99人,互联网,2
韦士肯,20-99人,机械设备/机电/重工,2
西安得安,100-499人,通信/网络设备,2
美利捷,100-499人,计算机软件,2
厦门鹭辰,100-499人,其他服务业,2
赛德沃克科技,20-99人,移动互联网,2
讴念贸易,0-20人,贸易/进出口,2
文杉科技,20-99人,移动互联网,2
九九网智,20-99人,互联网,2
起课,0-20人,培训机构,2
食神汇,0-20人,新零售,2
左邻右里,100-499人,游戏,2
厦门俊得利汽车4S店,20-99人,4S店/后市场,2
灏天光电,100-499人,电子/半导体/集成电路,2
厦门明波,20-99人,计算机软件,2
铭桂软件,20-99人,计算机软件,2
能加物联网智能硬件,0-20人,通信/网络设备,2
红点设计,20-99人,广告/公关/会展,2
天丰,0-20人,游戏,2
花与鱼美甲美睫,20-99人,其他专业服务,2
鸣胜兴包装,20-99人,印刷/包装/造纸,2
唐洛,100-499人,电子商务,2
容诚厦门,500-999人,财务/审计/税务,2
喜买屋信息科技股份,0-20人,生活服务,2
融坤集团,100-499人,新零售,2
媒管家,20-99人,媒体,2
美林美邦,20-99人,医疗设备/器械,2
厦门珊瑚互动网络...,0-20人,游戏,2
奔硕,0-20人,仪器仪表/工业自动化,2
金状元公司,100-499人,互联网金融,2
弈恩现实,20-99人,计算机软件,2
厦门伦歌科技有限公司,100-499人,电子/半导体/集成电路,2
浩广网络科技,20-99人,互联网,2
巴萨迪软件,20-99人,计算机软件,2
厦门络想,0-20人,游戏,2
鲜生壹号,1000-9999人,批发/零售,2
象屿盈信,20-99人,投资/融资,2
红魔方网络科技,0-20人,游戏,2
云上石仓,20-99人,互联网,2
迈杰特,0-20人,仪器仪表/工业自动化,2
笛卡尔数据,0-20人,数据服务,2
亿能科技,20-99人,计算机软件,2
盛乾科技,20-99人,电子/半导体/集成电路,2
溢信科技公司,100-499人,计算机软件,2
厦门智翼信息科技...,0-20人,计算机软件,2
西基动画,100-499人,广播/影视,2
智慧谷,100-499人,移动互联网,2
月轮网络,0-20人,互联网,2
厦门建发医疗,1000-9999人,医疗/护理/卫生,2
锐高科技,20-99人,企业服务,2
民航凯亚,100-499人,计算机软件,2
姚明织带,1000-9999人,服装/纺织/皮革,2
南鹏物联NPIoT,20-99人,智能硬件,2
WELDCONN FITNESS,100-499人,其他行业,2
维广校准检测,100-499人,电子/半导体/集成电路,2
德赞信息,0-20人,建筑设计,2
漫游科技,20-99人,互联网,2
陨石科技,20-99人,智能硬件,2
八十加,20-99人,移动互联网,2
海视安,0-20人,通信/网络设备,2
厦门科卫安,500-999人,智能硬件,2
力宾国际贸易,100-499人,电子商务,2
粟一科技,20-99人,电子/半导体/集成电路,2
漂洋过海,20-99人,移动互联网,2
创思达机电,20-99人,电子/半导体/集成电路,2
视商科技,20-99人,互联网,2
易视线,0-20人,互联网,2
欧客航空货运,0-20人,物流/仓储,2
链石网络科技,20-99人,电子商务,2
大象精灵,20-99人,移动互联网,2
微锶云科技,0-20人,移动互联网,2
艾发信息技术,100-499人,计算机软件,2
厦门致远,0-20人,计算机软件,2
悠泊,20-99人,智能硬件,2
凯域网络,20-99人,计算机软件,2
亿加网络,20-99人,移动互联网,2
方块科技有限公司,20-99人,文化/体育/娱乐,2
鲤鱼金融,100-499人,互联网,2
美城行动,20-99人,互联网,2
雷魂科技,20-99人,计算机软件,2
奥沐特科技,20-99人,家具/家电/家居,2
立壹科技,20-99人,电子商务,2
博威特,100-499人,机械设备/机电/重工,2
达斯自动化,20-99人,仪器仪表/工业自动化,2
乐言科技,1000-9999人,互联网,2
华漫科技,20-99人,计算机软件,2
福鑫凯诚,0-20人,电子/半导体/集成电路,2
天外网络,0-20人,游戏,2
平安报警网络有限公司,20-99人,工程施工,2
捷通华声,100-499人,互联网,2
洁宇健康,20-99人,医疗/护理/卫生,2
劢联科技,100-499人,互联网,2
当盛新材,20-99人,原材料及加工/模具,2
唐润商业,20-99人,物业服务,2
礼之家,100-499人,互联网,2
闽天力,100-499人,批发/零售,2
智业健康,100-499人,医疗健康,2
走云网络,0-20人,互联网,2
众企邦信息科技,20-99人,企业服务,2
金软网络,0-20人,计算机软件,2
瑞为智能,100-499人,智能硬件,2
熵链延华,20-99人,计算机服务,2
邵骏,0-20人,智能硬件,2
上海南天,1000-9999人,计算机软件,2
科陆电子,1000-9999人,计算机软件,2
小蓝书,0-20人,计算机软件,2
双桥(厦门)有限公司,100-499人,食品/饮料/烟酒,2
睿益生,20-99人,媒体,2
西热工中试院,20-99人,检测/认证,2
夏谷软件,100-499人,计算机软件,2
鑫恒浩,0-20人,计算机硬件,2
客如云,1000-9999人,互联网,2
和丰互动科技,0-20人,计算机软件,2
阿优文化,100-499人,文化/体育/娱乐,2
洲亚信息,100-499人,其他服务业,2
万久科技,20-99人,机械设备/机电/重工,2
贝云智能,20-99人,家具/家电/家居,2
数韬软件,20-99人,移动互联网,2
竹下,0-20人,互联网,2
中科创星,100-499人,智能硬件,2
亚明食品,100-499人,生活服务,2
万国盛世,20-99人,游戏,2
伍玖云,20-99人,工程施工,2
壹企玩,0-20人,游戏,2
广州南驰,20-99人,电子商务,2
福建省巨匠科技,20-99人,互联网,2
北京人效,20-99人,互联网,2
悦木源品牌管理,20-99人,食品/饮料/烟酒,2
厦门威尔圣有限公司,100-499人,新能源,2
卖客,0-20人,互联网,2
宁波捷创,100-499人,智能硬件,2
华夏茂晟,20-99人,仪器仪表/工业自动化,2
麦克斯韦,20-99人,移动互联网,2
厦门万宾科技,20-99人,计算机软件,2
星网视易,500-999人,计算机软件,2
凝众网络,0-20人,移动互联网,2
银旭,100-499人,电子/半导体/集成电路,2
UUNN,0-20人,互联网,2
盈硕科,100-499人,机械设备/机电/重工,2
创世线程,20-99人,计算机软件,2
迈维库,0-20人,计算机软件,2
天下顺,20-99人,电子商务,2
万里信软件,20-99人,计算机软件,2
Rockchip,500-999人,智能硬件,2
众创汇有限公司,20-99人,移动互联网,2
大众云教育,20-99人,计算机软件,2
成都新大瀚人力资...,1000-9999人,咨询,2
厦门鑫新乐博教育,100-499人,培训机构,2
况客科技,20-99人,数据服务,2
厦门立洲,100-499人,机械设备/机电/重工,2
凡宸科技,20-99人,计算机软件,2
厦门八分仪,20-99人,互联网,2
晶宏,0-20人,智能硬件,2
知鱼未来,0-20人,移动互联网,2
立林电气,100-499人,电子/半导体/集成电路,2
厦门能瑞康电子,100-499人,电子/半导体/集成电路,2
琦天互联,0-20人,信息安全,2
厦门库梓科技有限公司,0-20人,智能硬件,2
清津桥教育科技,20-99人,在线教育,2
立德尔,0-20人,电子/半导体/集成电路,2
上海高仙,500-999人,智能硬件,2
金万年,20-99人,电子/半导体/集成电路,2
某大型电子公司,500-999人,电子/半导体/集成电路,2
厦门数字智造工业研究院有限公司,20-99人,仪器仪表/工业自动化,2
TIIC,20-99人,互联网,2
安江,0-20人,游戏,2
推牛网,20-99人,移动互联网,2
宇信科技集团,1000-9999人,计算机软件,2
科迪厨卫,20-99人,贸易/进出口,2
厦门标安,0-20人,其他专业服务,2
赛特勒,1000-9999人,电子/半导体/集成电路,2
与狼共舞男装,500-999人,批发/零售,2
威晟,20-99人,计算机软件,2
厦门眼科中心,500-999人,医疗健康,2
罗课学堂,0-20人,在线教育,2
脸谱科技,20-99人,智能硬件,2
米猴科技,0-20人,移动互联网,2
厦门沙盒时代,0-20人,游戏,2
联生活科技集团,100-499人,互联网,2
博慧,20-99人,环保,2
予人环保,0-20人,环保,2
酷熊科技,20-99人,移动互联网,2
约约出行,100-499人,移动互联网,2
国投云信,20-99人,互联网,2
摩方智联,0-20人,智能硬件,2
首脑教育,20-99人,培训机构,2
坯布配,20-99人,移动互联网,2
丸子科技,20-99人,游戏,2
焜程科技,0-20人,计算机软件,2
厦门逢兴机电,20-99人,机械设备/机电/重工,2
技术服务,0-20人,计算机软件,2
挺突然网络,20-99人,游戏,2
天天逗,20-99人,游戏,2
融通,100-499人,人力资源服务,2
法西,0-20人,人力资源服务,2
筋斗腾云科技有限公司,20-99人,计算机软件,2
国基北盛,100-499人,计算机软件,2
星火相连,100-499人,在线教育,2
威导数据,0-20人,电子/半导体/集成电路,2
厦门乐柠,20-99人,计算机软件,2
祯瑞明环保,0-20人,环保,2
矽电半导体,100-499人,电子/半导体/集成电路,2
厦门大白科技有限公司,100-499人,电子商务,2
裕萌纺织品,20-99人,批发/零售,2
半导科技,20-99人,移动互联网,2
金婵呼叫,20-99人,智能硬件,2
四维科图,0-20人,计算机软件,2
仟颂,20-99人,装修装饰,2
个推,500-999人,移动互联网,2
乐榜,20-99人,数据服务,2
厦门西岐网络,100-499人,计算机软件,2
蓝凌软件,1000-9999人,计算机软件,2
富莱士,20-99人,电子商务,2
法大大,500-999人,互联网,2
金瓜子,20-99人,计算机软件,2
上溯网络,0-20人,互联网,2
美剑健身,500-999人,文化/体育/娱乐,2
太极股份,1000-9999人,计算机软件,2
协服智造,0-20人,计算机软件,2
某知名智能硬件上市公司,1000-9999人,智能硬件,2
翎锐,500-999人,计算机软件,2
海德里希,20-99人,机械设备/机电/重工,2
中越,20-99人,互联网,2
科盛包装机械,100-499人,机械设备/机电/重工,2
亿星软件,20-99人,计算机软件,2
NIO蔚来,1000-9999人,汽车生产,2
二维塔网络科技,0-20人,游戏,2
联发物业,1000-9999人,物业服务,2
iWALK智能产品,100-499人,智能硬件,2
凯跃利,0-20人,机械设备/机电/重工,2
睿科集团,100-499人,医疗设备/器械,2
智享天辰,0-20人,批发/零售,2
阿库罗斯,20-99人,物流/仓储,2
瑞识科技,100-499人,电子/半导体/集成电路,2
特步有限公司,10000人以上,贸易/进出口,2
好利来,500-999人,电子/半导体/集成电路,2
创链科技,100-499人,移动互联网,2
广州新科佳都,500-999人,计算机软件,2
厦门星宸讯科技有...,0-20人,计算机软件,2
美创科技,500-999人,信息安全,2
厦门顺唯,20-99人,计算机软件,2
上海博卡软件,100-499人,互联网,2
丝柏科技,100-499人,计算机软件,2
三联软件,20-99人,企业服务,2
建发纸业,100-499人,贸易/进出口,2
雅姿网,100-499人,电子商务,2
北京国信宏大,20-99人,计算机软件,2
创客匠人,100-499人,互联网,2
新代科技,500-999人,仪器仪表/工业自动化,2
快仓智能,500-999人,智能硬件,2
幼之幼教育,0-20人,计算机软件,2
腾星达,0-20人,智能硬件,2
厦门图雅,20-99人,计算机服务,2
神付汇通,20-99人,通信/网络设备,2
华强方特,10000人以上,互联网,2
厦门加减专利所,0-20人,专利/商标/知识产权,2
天翔园,20-99人,智能硬件,2
华能机电,20-99人,工程施工,2
淘宝,1000-9999人,移动互联网,2
正新汽车国际文化中心,20-99人,旅游,2
星海无限,20-99人,互联网,2
停开心,100-499人,移动互联网,2
欧圣斯卫浴,100-499人,机械设备/机电/重工,2
厦门一指科技,100-499人,互联网,2
厦门施迈特,0-20人,电子/半导体/集成电路,2
慧科集团,1000-9999人,在线教育,2
艾迪索富特科技,0-20人,计算机软件,2
弓立,100-499人,电子商务,2
尚微软件,0-20人,计算机软件,2
通鉴,20-99人,环保,2
阳光互联,20-99人,互联网,2
大族激光,10000人以上,其他行业,2
明日教育研究院,0-20人,学术/科研,2
朗网,20-99人,互联网,2
奥佳华瑞,20-99人,医疗设备/器械,2
厦门老板电器有限公司,100-499人,家具/家电/家居,2
君德医药,0-20人,制药,2
厦门赫玛科技有限...,20-99人,原材料及加工/模具,2
橙序科技,20-99人,移动互联网,2
雨人互联科技,0-20人,计算机服务,2
星数科技,20-99人,计算机服务,2
茶蕊生物医药科技,20-99人,制药,2
客管家,20-99人,计算机软件,2
厦门随身科技有限公司,100-499人,计算机软件,2
安盟网络,100-499人,计算机软件,2
华智硬核科技有限公司,20-99人,新零售,2
衷诚机电,0-20人,批发/零售,2
忻德信息,20-99人,计算机软件,2
TIMELOIT,100-499人,移动互联网,2
融信港信息科技,0-20人,通信/网络设备,2
凯捷技术,500-999人,互联网,2
国投云信,0-20人,其他服务业,2
厦门强隆自动化科...,0-20人,机械设备/机电/重工,2
钜格科技,100-499人,电子商务,2
某500强上市公司,10000人以上,通信/网络设备,2
万帮修,0-20人,生活服务,2
采纳君道营销策划,100-499人,广告营销,2
某知名医疗设备公司,1000-9999人,医疗设备/器械,2
隆力德,500-999人,数据服务,2
千黛国际,1000-9999人,生活服务,2
厦门方特软件公司,10000人以上,移动互联网,2
掌链信息,0-20人,移动互联网,2
厦门魔塔,0-20人,游戏,2
御星网络,20-99人,游戏,2
亚尔迪,20-99人,计算机软件,2
某大型知名餐饮上市公司,10000人以上,餐饮,2
科湖摩尔实验室,20-99人,检测/认证,2
瀚蓝,1000-9999人,环保,2
迅瑞科技,20-99人,移动互联网,2
引量科技,20-99人,计算机软件,2
晨星闪烁,20-99人,文化/体育/娱乐,2
天子游,0-20人,游戏,2
朗驰国际,100-499人,电子商务,2
虚拟云链,20-99人,互联网金融,2
厦门鑫禾通,20-99人,汽车生产,2
黑闪电网络科技,20-99人,游戏,2
厦门国仪,20-99人,仪器仪表/工业自动化,2
壹四四零,20-99人,社交网络,2
德启诚,0-20人,仪器仪表/工业自动化,2
新北洋服务公司,1000-9999人,智能硬件,2
厦门屹轩云和数据技术,100-499人,数据服务,2
酷码生活（厦门）...,20-99人,电子商务,2
厦门迅鱼科技,0-20人,计算机软件,2
茂瑞达网络科技,20-99人,互联网,2
福建金瑞,20-99人,信息安全,2
点钻网络,0-20人,游戏,2
无所不至,0-20人,计算机软件,2
北京字节跳动,10000人以上,移动互联网,2
厦门椰果,0-20人,计算机软件,2
速速通,0-20人,计算机软件,2
探睿,20-99人,计算机服务,2
宏发汽车电子,1000-9999人,汽车零部件,2
亚马逊AWS,10000人以上,互联网,2
金若华,0-20人,医疗设备/器械,2
厦门迅控,0-20人,通信/网络设备,2
曲速引擎,20-99人,互联网,2
深圳云译,100-499人,互联网,2
洋葱头,0-20人,计算机软件,2
联达兴,100-499人,计算机硬件,2
京邦达,10000人以上,物流/仓储,2
法拉电子,1000-9999人,电子/半导体/集成电路,2
和家健脑,20-99人,计算机软件,2
云蝶科技,0-20人,计算机软件,2
斐乐体育,10000人以上,服装/纺织/皮革,2
普尔司通,20-99人,新能源,2
豹顽游戏,0-20人,游戏,2
通灵生物,100-499人,医疗设备/器械,2
三联众合,20-99人,计算机软件,2
好实用,20-99人,移动互联网,2
甚妙动漫有限公司,20-99人,移动互联网,2
微梦新创,0-20人,计算机软件,2
南德认证检测,500-999人,企业服务,2
校林广记,0-20人,计算机软件,2
鹭达科技,0-20人,其他服务业,2
陷阵营体育,20-99人,文化/体育/娱乐,2
DEQI,0-20人,仪器仪表/工业自动化,2
腾昀科技,0-20人,计算机软件,2
瑞利斯,500-999人,计算机软件,2
某大型物流公司,500-999人,物流/仓储,2
红秀才电子商务,500-999人,电子商务,2
慧网天下,100-499人,数据服务,2
厦迪亚斯,100-499人,环保,2
厦门宇添,0-20人,仪器仪表/工业自动化,2
英剑集团,500-999人,文化/体育/娱乐,2
诺盛测控,100-499人,原材料及加工/模具,1
游金互动（厦门）...,0-20人,游戏,1
震清科技,0-20人,仪器仪表/工业自动化,1
南方科宇,100-499人,计算机软件,1
市市有为,0-20人,通信/网络设备,1
鸿纪元,0-20人,互联网,1
兔顽科技,20-99人,智能硬件,1
厦门德控自动化仪表,0-20人,仪器仪表/工业自动化,1
铂爵旅拍,1000-9999人,文化/体育/娱乐,1
厦门零起,20-99人,游戏,1
优芽集团,100-499人,互联网,1
立江科技,20-99人,数据服务,1
颜品楼有限公司,20-99人,电子商务,1
助飞科技,0-20人,企业服务,1
商态圈科技有限公司,20-99人,计算机软件,1
厦门南瑾科技有限...,20-99人,互联网,1
默迹餐饮,0-20人,餐饮,1
前海方迪,20-99人,智能硬件,1
澜天,100-499人,广告营销,1
垒知控股,1000-9999人,建材,1
江苏固德威电源科...,1000-9999人,新能源,1
扫到宝网络科技,100-499人,互联网,1
智杰电子,0-20人,电子/半导体/集成电路,1
拾忆,0-20人,广告/公关/会展,1
南京海泰,500-999人,医疗健康,1
欧一坊,500-999人,批发/零售,1
三翼,0-20人,培训机构,1
睿通科技,20-99人,数据服务,1
宇春环保,20-99人,环保,1
众联盟,0-20人,移动互联网,1
厦门联合呼吸健康...,100-499人,非盈利机构,1
博彦科技,1000-9999人,计算机软件,1
国大信息技术,0-20人,计算机服务,1
速来乐,0-20人,电子商务,1
鹭水青山,0-20人,旅游,1
众业达电气厦门,20-99人,电子/半导体/集成电路,1
三圈电池,1000-9999人,电子商务,1
南华仪器,500-999人,仪器仪表/工业自动化,1
护驾卫士,0-20人,新零售,1
厦门联创信,0-20人,计算机服务,1
铭熹,0-20人,通信/网络设备,1
本来造物,20-99人,文化/体育/娱乐,1
厦门因势健康科技,0-20人,家具/家电/家居,1
乐富无限,0-20人,广告营销,1
绿进,100-499人,餐饮,1
厦门艾美瑞达建材...,0-20人,建材,1
元创部落,0-20人,在线教育,1
开源资本,0-20人,互联网金融,1
厦门商桥,20-99人,计算机软件,1
福建鸿马,20-99人,机械设备/机电/重工,1
中脸科技,0-20人,计算机软件,1
维爱吉,20-99人,新能源,1
联络易,20-99人,移动互联网,1
集庆生物,20-99人,医疗设备/器械,1
虹家装饰,20-99人,装修装饰,1
某大型企业服务公司,100-499人,企业服务,1
准望科技(厦门)...,0-20人,互联网,1
福建捷诺装饰有限公司,20-99人,建筑设计,1
某游戏公司,20-99人,游戏,1
宏途仕锦,0-20人,汽车零部件,1
正运动,100-499人,电子/半导体/集成电路,1
葵音科技,0-20人,互联网,1
水发现,0-20人,生活服务,1
韫茂科技,0-20人,电子/半导体/集成电路,1
小鸥科技,20-99人,移动互联网,1
博能技术通信,20-99人,互联网,1
英联金融,20-99人,数据服务,1
中电长城网际,0-20人,信息安全,1
音达厦门,100-499人,通信/网络设备,1
万友汇贸易,0-20人,化工,1
星河之家,100-499人,电子商务,1
智序科技,0-20人,企业服务,1
厦门律兴软件有限公司,0-20人,计算机软件,1
久凌未蓝,0-20人,计算机软件,1
厦门瀚民管理,0-20人,学术/科研,1
厦门顶呈,20-99人,电子商务,1
律嘉知识产权,0-20人,专利/商标/知识产权,1
医渡云,1000-9999人,互联网,1
融源泰,20-99人,互联网,1
倾城施美,0-20人,广告/公关/会展,1
聚水潭,1000-9999人,电子商务,1
浙江昆仑大数据,100-499人,互联网,1
厦门仲达,20-99人,通信/网络设备,1
安云信息,20-99人,计算机服务,1
广州翡斯丽,20-99人,生活服务,1
小聚蛋,0-20人,游戏,1
厦门闪酷软件开发...,0-20人,计算机软件,1
果标,20-99人,音乐/视频/阅读,1
数思外汇大数据,0-20人,数据服务,1
豪享来中西餐厅,10000人以上,餐饮,1
翔煜吉成,20-99人,电子/半导体/集成电路,1
华资源,20-99人,计算机软件,1
华富通,0-20人,交通/运输,1
易欢购,20-99人,电子商务,1
厦门钰德服装科技有限公司,500-999人,服装/纺织/皮革,1
厦门麦克伦网络科...,0-20人,计算机软件,1
海伦凯勒眼镜,100-499人,批发/零售,1
兆松光电,20-99人,原材料及加工/模具,1
乾汇通科技有限公司,20-99人,计算机软件,1
厦门七源网络科技...,20-99人,计算机服务,1
亿加凌电子,100-499人,电子/半导体/集成电路,1
匠心制物,0-20人,电子商务,1
嘉和,20-99人,电子商务,1
康杰源医疗器械,20-99人,医疗设备/器械,1
诚享东方,100-499人,互联网,1
思戈网络,20-99人,互联网,1
上海街亨信息科技,0-20人,生活服务,1
厦门鑫丰泰工贸有...,0-20人,电力/热力/燃气/水利,1
吾村科技,0-20人,计算机软件,1
哈啰出行,1000-9999人,互联网,1
厦门赫兹,20-99人,企业服务,1
福建学翼教育咨询...,20-99人,院校,1
福禹环保,0-20人,环保,1
亿吉尔,0-20人,计算机软件,1
烛照科技,0-20人,互联网,1
厦门期量智能科技...,0-20人,证券/期货,1
纯玩,0-20人,游戏,1
精信,0-20人,仪器仪表/工业自动化,1
森洋工贸,100-499人,医疗设备/器械,1
仕诚联合,20-99人,专利/商标/知识产权,1
轩虎网络,0-20人,互联网,1
厦门六号树洞科技...,0-20人,数据服务,1
万宗汇,0-20人,生活服务,1
韵象,0-20人,互联网,1
厦门仁志优学教育...,20-99人,培训机构,1
鑫飞扬,0-20人,数据服务,1
闽鑫万通,0-20人,4S店/后市场,1
七个半裁缝,100-499人,电子商务,1
炫特捷,0-20人,环保,1
福建天赢贸易有限公司,100-499人,贸易/进出口,1
某知名重工公司,1000-9999人,机械设备/机电/重工,1
涧猫网络,0-20人,游戏,1
晋大科技,100-499人,日化,1
云惠纵,20-99人,计算机软件,1
声宝,0-20人,装修装饰,1
厦门兴荣耀自动化...,0-20人,仪器仪表/工业自动化,1
岚帝智能,0-20人,机械设备/机电/重工,1
和芯科技,100-499人,互联网,1
锦锐源建材,0-20人,原材料及加工/模具,1
悦凡软装,0-20人,装修装饰,1
中科精图,20-99人,计算机软件,1
格睿伟业,100-499人,电子/半导体/集成电路,1
羽约运动,0-20人,文化/体育/娱乐,1
鹭岛宸芯,20-99人,计算机硬件,1
百应,0-20人,计算机软件,1
THINKGROW,20-99人,智能硬件,1
WebRun,0-20人,机械设备/机电/重工,1
乐京科技,0-20人,电子/半导体/集成电路,1
旭诚专利,20-99人,专利/商标/知识产权,1
华文纵横,20-99人,咨询,1
金米云科技,0-20人,计算机服务,1
恩莱自动化,100-499人,仪器仪表/工业自动化,1
名晶光电,20-99人,原材料及加工/模具,1
富本股份,100-499人,计算机硬件,1
简帛,20-99人,移动互联网,1
柴菲克网络,20-99人,移动互联网,1
艾泽拉斯,20-99人,广告/公关/会展,1
掌上易购,0-20人,互联网,1
守艺,0-20人,办公用品及设备,1
森冶,0-20人,工艺品/收藏品,1
某知名银行公司,1000-9999人,银行,1
好财气,0-20人,其他行业,1
厦门明源云,20-99人,计算机软件,1
中合智圆(厦门)...,0-20人,其他服务业,1
星族互动网络科技,20-99人,游戏,1
立坤建设,20-99人,工程施工,1
厦门市集美区伊然...,0-20人,美容/美发,1
协同兴,100-499人,原材料及加工/模具,1
鑫辉佳,20-99人,原材料及加工/模具,1
网龙网络,1000-9999人,移动互联网,1
山泊智能,0-20人,计算机软件,1
宏发信号,500-999人,电子/半导体/集成电路,1
广东美云智数,1000-9999人,互联网,1
南普陀寺实业社,100-499人,餐饮,1
厦门义德人家,20-99人,食品/饮料/烟酒,1
柒号机器人公社,0-20人,培训机构,1
舒榻[智能电动床],1000-9999人,智能硬件,1
旭信诚电子,0-20人,电子商务,1
模硕,20-99人,原材料及加工/模具,1
有点亮,0-20人,社交网络,1
数智引力,20-99人,智能硬件,1
蜘蛛金服,0-20人,其他行业,1
稿链科技,20-99人,数据服务,1
拓控股份,100-499人,仪器仪表/工业自动化,1
飞鼠网络,20-99人,游戏,1
索联软件,20-99人,计算机软件,1
某500强上市公司,1000-9999人,移动互联网,1
安瑞,0-20人,新能源,1
厦门恒创企业管理...,20-99人,其他专业服务,1
某知名移动互联网公司,1000-9999人,移动互联网,1
厦门宥翔集团有限公司,20-99人,互联网,1
云域游戏,0-20人,游戏,1
简戏科技,0-20人,企业服务,1
灵玲大酒店,500-999人,旅游,1
相忘江湖,0-20人,电子商务,1
森磊厦门,20-99人,建筑设计,1
国贸物业,1000-9999人,物业服务,1
爱迪特,0-20人,环保,1
彩程科技,0-20人,移动互联网,1
无觅,0-20人,互联网金融,1
球天下体育,20-99人,互联网,1
育泰体育,500-999人,服装/纺织/皮革,1
立达兴软件,20-99人,计算机软件,1
慕贤文化,20-99人,文化/体育/娱乐,1
安华金和,100-499人,信息安全,1
梦贝比,100-499人,电子商务,1
美讯科技,20-99人,家具/家电/家居,1
海湾科技,100-499人,电子商务,1
三维前沿,20-99人,智能硬件,1
云安,20-99人,互联网,1
中洲设计,20-99人,建筑设计,1
互象科技,20-99人,计算机软件,1
集众祥和物业公司,500-999人,物业服务,1
华巨科技,20-99人,仪器仪表/工业自动化,1
易名科技,100-499人,互联网,1
有点贵,0-20人,计算机软件,1
八达尔科技,0-20人,互联网,1
华儒科技,20-99人,计算机软件,1
百盾消防,20-99人,检测/认证,1
极元科技,20-99人,医疗健康,1
虎影科技,20-99人,互联网,1
厦门吉锐智能,0-20人,智能硬件,1
永福城,20-99人,工程施工,1
三井源,20-99人,贸易/进出口,1
嘉玩互动,20-99人,互联网,1
三只精灵,0-20人,专利/商标/知识产权,1
青藤汽车服务,20-99人,汽车生产,1
智璞广告,20-99人,广告/公关/会展,1
凡星游学,20-99人,在线教育,1
享尚学,20-99人,计算机软件,1
卓筑,20-99人,工程施工,1
劦通科技,20-99人,机械设备/机电/重工,1
厦门先德开关有限公司,20-99人,仪器仪表/工业自动化,1
爱乐游,100-499人,游戏,1
沐风社工,20-99人,非盈利机构,1
永裕机械,500-999人,汽车零部件,1
天艺文瀚,0-20人,文化/体育/娱乐,1
映向家,20-99人,计算机软件,1
东梵资本,0-20人,投资/融资,1
厦门大力奇迹文化传媒,20-99人,广告/公关/会展,1
厦门慕康电子科技...,20-99人,电子/半导体/集成电路,1
水一文化,20-99人,互联网金融,1
常昇科技,20-99人,计算机软件,1
塔普,20-99人,游戏,1
厦门卓斯瑞,20-99人,企业服务,1
天诚峰益,20-99人,环保,1
指尖智能,0-20人,智能硬件,1
福慧达,100-499人,贸易/进出口,1
厦门联创亿航,0-20人,广告/公关/会展,1
九万鲲鹏,0-20人,培训机构,1
海报捕货,20-99人,电子商务,1
ecloudrover,100-499人,计算机服务,1
海丝鼎新科技,20-99人,游戏,1
趣赞网络,0-20人,计算机软件,1
幸福天马,20-99人,游戏,1
格悟数据,0-20人,咨询,1
优逸克科技,0-20人,信息安全,1
厦门闽光,100-499人,仪器仪表/工业自动化,1
厦门众谷网络,0-20人,电子商务,1
宏兴财税服务集团,100-499人,互联网,1
宇科,100-499人,原材料及加工/模具,1
金科,100-499人,计算机服务,1
世傲科技,0-20人,互联网,1
众安(厦门)网络,20-99人,音乐/视频/阅读,1
小马智泡,20-99人,新零售,1
畅联通科技,0-20人,互联网,1
厦门摩安检测技术...,0-20人,检测/认证,1
向阳洁宇健康管理中心,20-99人,医疗/护理/卫生,1
厦门芝兰之室文化...,0-20人,广告/公关/会展,1
垄江工业,20-99人,企业服务,1
上海睿聚,20-99人,租赁/拍卖/典当/担保,1
厦门齐心,20-99人,移动互联网,1
创想高科,0-20人,互联网,1
上海掌数科技有限公司,100-499人,计算机软件,1
厦门闪讯通,0-20人,计算机软件,1
国凯瑞,20-99人,工程施工,1
伟合控股,100-499人,运营商/增值服务,1
垦创网络科技,20-99人,数据服务,1
安凡电子,20-99人,智能硬件,1
厦门赛云飞科技,20-99人,互联网,1
某大型游戏上市公司,100-499人,游戏,1
智慧工匠,0-20人,计算机软件,1
壹零久,20-99人,通信/网络设备,1
赛昆思,0-20人,计算机软件,1
厦门市永道财务咨...,0-20人,财务/审计/税务,1
神斧智造,0-20人,仪器仪表/工业自动化,1
厦门四联,20-99人,通信/网络设备,1
得力佳,0-20人,电子/半导体/集成电路,1
极速佳,20-99人,通信/网络设备,1
言闻汇智,20-99人,计算机软件,1
尘上科技,0-20人,互联网,1
后古婚纱摄影,500-999人,婚庆/摄影,1
厦门市荣兴盛模具...,1000-9999人,原材料及加工/模具,1
开心社工服务中心,20-99人,其他行业,1
达实智能,1000-9999人,工程施工,1
中云,20-99人,计算机软件,1
施耐德电气,10000人以上,其他行业,1
厦门朗纳智能科技...,20-99人,学术/科研,1
厦门恺成精密,20-99人,机械设备/机电/重工,1
泊维,0-20人,电子商务,1
如意情集团,1000-9999人,食品/饮料/烟酒,1
尚为伟业,1000-9999人,智能硬件,1
凯雁集团,100-499人,贸易/进出口,1
地下设计总院,100-499人,工程施工,1
厦门翔动力,20-99人,互联网,1
亚锝,500-999人,原材料及加工/模具,1
微图,0-20人,互联网,1
厦门浩云信成,20-99人,互联网,1
某集成电路公司,20-99人,电子/半导体/集成电路,1
蜜糖时光,0-20人,游戏,1
乐博思,0-20人,移动互联网,1
酷动数码,500-999人,其他行业,1
江苏源古,100-499人,专利/商标/知识产权,1
量钰,20-99人,互联网金融,1
广州蜀锦,100-499人,贸易/进出口,1
千盾防伪追溯,0-20人,计算机软件,1
厦门蓝海天,20-99人,计算机软件,1
康尔健,20-99人,医疗设备/器械,1
歪兔,0-20人,智能硬件,1
博天科技,20-99人,计算机软件,1
厦门易梦时代网络科技,0-20人,计算机软件,1
天和至医疗器械,0-20人,医疗设备/器械,1
鑫源茂,0-20人,电子/半导体/集成电路,1
竹阩智能数据,20-99人,电子/半导体/集成电路,1
麦达斯集团,0-20人,贸易/进出口,1
金霞网络,100-499人,通信/网络设备,1
聚玩科技,20-99人,游戏,1
厦门中孚经纶文化传播,0-20人,广告/公关/会展,1
博易盛知识产权事务所,20-99人,咨询,1
厦门乐福康生活科...,0-20人,电子商务,1
厦门玩美艺树文化艺术,20-99人,广告/公关/会展,1
投融汇,20-99人,计算机软件,1
藏虎哥科技,20-99人,食品/饮料/烟酒,1
宜众,100-499人,移动互联网,1
搜玩科技,0-20人,游戏,1
城阙,20-99人,广告营销,1
启智科普,20-99人,玩具/礼品,1
厦门亿殷科技,0-20人,通信/网络设备,1
永乾舞台,20-99人,机械设备/机电/重工,1
白蓝网络,0-20人,游戏,1
迈高德医疗,0-20人,医疗设备/器械,1
杭州图特科技,100-499人,计算机软件,1
厦门玖田,20-99人,机械设备/机电/重工,1
吉信隆,100-499人,贸易/进出口,1
汇通聚原,500-999人,新能源,1
鑫融睿,20-99人,通信/网络设备,1
Seeeklab,20-99人,移动互联网,1
赛客呼吸,20-99人,医疗健康,1
派达星,100-499人,建材,1
合泽安,0-20人,其他服务业,1
蒙泰,100-499人,家具/家电/家居,1
桔芯,0-20人,互联网,1
厦门亿丰商学院,0-20人,培训机构,1
厦门速研运营中心,0-20人,互联网,1
点击创客,20-99人,互联网,1
厦门能科,20-99人,机械设备/机电/重工,1
潜艺教育,0-20人,培训机构,1
格几格几,0-20人,互联网,1
景绮展览,0-20人,广告/公关/会展,1
尤里网络,100-499人,企业服务,1
小雨科技,20-99人,计算机软件,1
厦门群呼科技有限公司,20-99人,移动互联网,1
和奕华,20-99人,建材,1
七次方网络,0-20人,游戏,1
朗星照明,100-499人,其他行业,1
快意电梯,0-20人,其他服务业,1
视我科技,20-99人,互联网,1
天之舟企业管理,20-99人,工程施工,1
深圳华为技术有限...,10000人以上,计算机软件,1
利川音响,20-99人,其他服务业,1
卓信数据,100-499人,计算机软件,1
中微数技,0-20人,运营商/增值服务,1
针网科技,20-99人,计算机服务,1
忆芯,100-499人,电子/半导体/集成电路,1
富知思特科技,20-99人,计算机软件,1
金百美,20-99人,批发/零售,1
英诺尔,500-999人,电子/半导体/集成电路,1
趣闲科技有限公司,0-20人,计算机软件,1
紫竹数码,20-99人,互联网,1
六方网络,20-99人,互联网,1
海影科技,0-20人,计算机服务,1
异同信息,0-20人,移动互联网,1
九一创,20-99人,电子商务,1
金石泰诚集团有限公司,500-999人,互联网,1
厦门川越者网络,0-20人,移动互联网,1
栗子科技,20-99人,互联网,1
厦门德莱科仪,20-99人,其他专业服务,1
云当网,0-20人,数据服务,1
厦门有谱视听文化,0-20人,广告/公关/会展,1
培程职业学校,0-20人,培训机构,1
七泽科技,20-99人,移动互联网,1
格耀科技有限公司,20-99人,移动互联网,1
恒连网络,20-99人,计算机软件,1
同德科技,20-99人,环保,1
象屿地产,500-999人,物业服务,1
科宇好康保,20-99人,移动互联网,1
秒洽,0-20人,电子商务,1
齐悟智能,20-99人,计算机软件,1
康勒,100-499人,计算机软件,1
厦门市同安区名剪...,0-20人,美容/美发,1
煜象科技,100-499人,计算机软件,1
鑫川中子,0-20人,互联网,1
川源水环境,500-999人,环保,1
手心互娱,100-499人,游戏,1
沣润,20-99人,通信/网络设备,1
策闵幕墙,20-99人,工程施工,1
杰合利,20-99人,机械设备/机电/重工,1
米峰网络,0-20人,互联网,1
莱富美,0-20人,电子/半导体/集成电路,1
KB,20-99人,电子/半导体/集成电路,1
厦门市汉飞鹰航空科技,20-99人,船舶/航空/航天,1
东南银通,20-99人,培训机构,1
魔毯大宗,100-499人,O2O,1
潘晔,20-99人,其他服务业,1
巨烨科技,20-99人,医疗健康,1
七月动画,20-99人,文化/体育/娱乐,1
集芸纵创,20-99人,通信/网络设备,1
厦门亲佳,0-20人,培训机构,1
讯帝电子,20-99人,电子/半导体/集成电路,1
鑫汇芯,20-99人,电子/半导体/集成电路,1
行之教育,20-99人,在线教育,1
思明百应贷款,100-499人,互联网金融,1
口令科技,0-20人,移动互联网,1
蚂蚁云科技,20-99人,电子商务,1
嘉驰国际,500-999人,人力资源服务,1
厦门秋成,0-20人,电子商务,1
日海艾拉,1000-9999人,智能硬件,1
厦门勤友软件有限公司,0-20人,计算机软件,1
好合意团购,0-20人,批发/零售,1
蓝色畅想,0-20人,广告营销,1
臻享电子,20-99人,电子商务,1
天海欧康科技,100-499人,仪器仪表/工业自动化,1
厦门市德恒州,0-20人,互联网,1
慧智弘展鹏,20-99人,电子商务,1
百易数字,20-99人,互联网,1
优锘科技,500-999人,互联网,1
固安伟业,0-20人,仪器仪表/工业自动化,1
光线,20-99人,文化/体育/娱乐,1
象乐宝,20-99人,互联网,1
赛昆思生物科技,0-20人,计算机软件,1
蜘蛛脉脉,0-20人,社交网络,1
智顶互动,100-499人,广告/公关/会展,1
哈尔米乐,0-20人,电子商务,1
厦门炎景,20-99人,计算机软件,1
厦门三川万里网络...,0-20人,计算机软件,1
来善,20-99人,音乐/视频/阅读,1
嗨茶网,20-99人,互联网,1
幻魔寺游戏,0-20人,游戏,1
通控科技,0-20人,仪器仪表/工业自动化,1
惠尔康集团,1000-9999人,其他行业,1
晟景科技,0-20人,在线教育,1
柏丞,0-20人,计算机硬件,1
倍洁特,1000-9999人,机械设备/机电/重工,1
策一科技,20-99人,计算机软件,1
厦门捷希,20-99人,机械设备/机电/重工,1
亿佳诚电脑,0-20人,计算机服务,1
3158,100-499人,互联网,1
奈博万网络,20-99人,通信/网络设备,1
太古可口可乐,1000-9999人,其他行业,1
臻万科技,20-99人,智能硬件,1
康比特信息技术,20-99人,计算机软件,1
阿篱科技,0-20人,计算机软件,1
赛默(厦门)智能...,20-99人,机械设备/机电/重工,1
同心义工中心,0-20人,非盈利机构,1
展文,20-99人,工程施工,1
零壹映像,0-20人,文化/体育/娱乐,1
厦门灵绘,500-999人,游戏,1
金色雨林,500-999人,在线教育,1
科大慧明,20-99人,咨询,1
斯帝沣尼,0-20人,制药,1
和丰利干冰,20-99人,机械设备/机电/重工,1
美萝知识产权,0-20人,企业服务,1
近咫尺,0-20人,互联网,1
杰森洋,0-20人,贸易/进出口,1
樱井科技,100-499人,智能硬件,1
久泽电力,20-99人,机械设备/机电/重工,1
洲宇集团,1000-9999人,建筑设计,1
厦门建发汽车有限公司,1000-9999人,汽车生产,1
厦门中汇智,0-20人,智能硬件,1
景虹财务,20-99人,企业服务,1
雅瑞实业,1000-9999人,其他行业,1
竟圣,20-99人,其他服务业,1
盈发信息,0-20人,智能硬件,1
唯科,1000-9999人,仪器仪表/工业自动化,1
墨守网络,0-20人,互联网,1
盛达宏,20-99人,机械设备/机电/重工,1
承行致远科技,0-20人,通信/网络设备,1
指挥家VR,20-99人,计算机软件,1
双木恒,0-20人,移动互联网,1
骅众信息,20-99人,计算机软件,1
高德软件有限公司,1000-9999人,互联网,1
厦门创极,0-20人,移动互联网,1
中领科技,20-99人,物流/仓储,1
天鹰网络,20-99人,电子商务,1
某医疗设备公司,0-20人,医疗设备/器械,1
厦门巨奇网络科技...,0-20人,移动互联网,1
金龙宝,0-20人,计算机软件,1
艾特八零,500-999人,移动互联网,1
晟为信息科技,0-20人,计算机服务,1
兆比特科技,0-20人,通信/网络设备,1
创星盛,0-20人,文化/体育/娱乐,1
国建(上海),100-499人,贸易/进出口,1
映范网,0-20人,广告营销,1
承畴,0-20人,石油/石化,1
七号小镇商贸,0-20人,通信/网络设备,1
西洲传播,0-20人,音乐/视频/阅读,1
翘宇科技,20-99人,移动互联网,1
仪电物联,100-499人,计算机服务,1
安达康船务,0-20人,物流/仓储,1
每刻,100-499人,企业服务,1
企记科技有限公司,20-99人,其他服务业,1
美亚梧桐,0-20人,投资/融资,1
宏发先科,100-499人,建材,1
福建号码网,0-20人,通信/网络设备,1
某500强上市公司,10000人以上,移动互联网,1
海数所,20-99人,计算机软件,1
爱德数智,0-20人,计算机软件,1
捷能通光电科技,100-499人,其他行业,1
大智精创,0-20人,仪器仪表/工业自动化,1
艾发信创设计院,20-99人,计算机服务,1
福建力源机器,20-99人,机械设备/机电/重工,1
华邮数字文化,20-99人,计算机软件,1
京册测绘,0-20人,其他专业服务,1
同心儿扶中心,0-20人,非盈利机构,1
唯宝适,0-20人,装修装饰,1
厦门纷库商贸有限公司,20-99人,医疗设备/器械,1
鹿匠,0-20人,移动互联网,1
厦门新声科技有限...,100-499人,医疗设备/器械,1
弗莱菲特,0-20人,电子商务,1
信达光电,500-999人,电子/半导体/集成电路,1
润航无人机,0-20人,其他专业服务,1
凯杰斯,20-99人,智能硬件,1
先创鹭为,0-20人,机械设备/机电/重工,1
厦门市吉龙德环境...,100-499人,环保,1
优索,0-20人,计算机软件,1
某智能硬件公司,20-99人,智能硬件,1
厦门市华彼塔文创,0-20人,文化/体育/娱乐,1
中翼科技,0-20人,计算机软件,1
恒泰联,20-99人,计算机软件,1
厦门市捷睿网络科技,0-20人,通信/网络设备,1
享游,20-99人,游戏,1
厦门极图科技有限...,20-99人,社交网络,1
妙迪雅克,20-99人,装修装饰,1
中移铁通有限公司...,100-499人,通信/网络设备,1
和昇景观,20-99人,工程施工,1
融智软件,0-20人,计算机软件,1
兴泉,0-20人,医疗设备/器械,1
东珅企培,500-999人,培训机构,1
闽秀婚介服务,1000-9999人,其他服务业,1
及时互动,0-20人,广告/公关/会展,1
锶源科技,0-20人,计算机服务,1
贝姆斯,20-99人,机械设备/机电/重工,1
福建九牧厨柜有限公司,100-499人,装修装饰,1
昊圣机电工程,100-499人,机械设备/机电/重工,1
搜客,20-99人,互联网,1
得道体育,100-499人,互联网,1
厦门中检,0-20人,检测/认证,1
某500强上市公司,500-999人,计算机软件,1
说茶传媒机构,20-99人,媒体,1
联晟发,20-99人,物业服务,1
英麦科厦门微电子,20-99人,电子/半导体/集成电路,1
闪电互娱,20-99人,游戏,1
优聚美网络技术,100-499人,电子商务,1
西皇科技,0-20人,互联网,1
睿视智觉,20-99人,计算机软件,1
新鸿洲,100-499人,原材料及加工/模具,1
点艾科技,0-20人,计算机服务,1
佳凯盛汽车贸易,100-499人,4S店/后市场,1
金控数据股份,100-499人,互联网,1
光迅信息,20-99人,其他行业,1
曾文泉美发店,0-20人,美容/美发,1
联晖智慧建筑科技,0-20人,工程施工,1
厦门太和,0-20人,机械设备/机电/重工,1
鼎云泽,0-20人,计算机软件,1
厦门太野网络科技...,0-20人,移动互联网,1
众兴隆,20-99人,企业服务,1
东南正新,0-20人,移动互联网,1
上下联,0-20人,互联网,1
再丰运动器材,100-499人,医疗设备/器械,1
共阅信息,20-99人,医疗/护理/卫生,1
睿日晟,0-20人,贸易/进出口,1
独蜜贸易,20-99人,电子商务,1
傲维健身器材,100-499人,医疗设备/器械,1
厦门泰斯泰克仪器...,0-20人,仪器仪表/工业自动化,1
重庆麻吉互娱科技,20-99人,互联网,1
临泰微科技,20-99人,电子/半导体/集成电路,1
盛通高科,0-20人,信息安全,1
厦门纵横,1000-9999人,通信/网络设备,1
快乐兄弟,20-99人,电子商务,1
星创易联科技,20-99人,通信/网络设备,1
厦门蓝紫菱能源科...,0-20人,电力/热力/燃气/水利,1
欣优杰环保,0-20人,环保,1
飞冠科技,20-99人,移动互联网,1
福建欣辰,100-499人,通信/网络设备,1
易游未来信息技术,20-99人,互联网,1
享联科技,20-99人,互联网,1
科炬职业培训学校,20-99人,培训机构,1
龙采科技集团,1000-9999人,互联网,1
咱家健康,20-99人,医疗健康,1
三人行,500-999人,广告营销,1
彩豆科技,0-20人,互联网,1
建潘集团,100-499人,贸易/进出口,1
易家健康,100-499人,医疗健康,1
福建傲农,10000人以上,农/林/牧/渔,1
厦门火柴人,20-99人,游戏,1
推途科技,20-99人,数据服务,1
及点广告,20-99人,广告/公关/会展,1
昂宝电子/On-Bright,100-499人,电子/半导体/集成电路,1
视贝,1000-9999人,其他行业,1
诺诚豫杰,100-499人,工程施工,1
天外飞轩,100-499人,贸易/进出口,1
郎中堂,20-99人,医疗/护理/卫生,1
某大型互联网公司,1000-9999人,互联网,1
厦门普讯,0-20人,通信/网络设备,1
蓝景科技,0-20人,计算机软件,1
齐众力,20-99人,广告营销,1
北大青鸟,100-499人,音乐/视频/阅读,1
弘信电子,1000-9999人,原材料及加工/模具,1
台沅恩(厦门),0-20人,机械设备/机电/重工,1
森田游戏体验馆,20-99人,文化/体育/娱乐,1
厦门谱思达,0-20人,电子/半导体/集成电路,1
华远电讯,100-499人,生活服务,1
厦门广翼,0-20人,智能硬件,1
星客服科技,20-99人,信息安全,1
领向标识,20-99人,工程施工,1
小濠科技,20-99人,互联网,1
中房信息科技,500-999人,计算机软件,1
铂利士,20-99人,医疗设备/器械,1
图智策划,20-99人,房地产开发,1
维广校准,0-20人,计算机服务,1
华仕通,20-99人,移动互联网,1
E-STRONG,20-99人,仪器仪表/工业自动化,1
协成科技,100-499人,其他行业,1
泰古软件,20-99人,互联网,1
鹏承软件,0-20人,互联网,1
众图识人,20-99人,信息安全,1
挑壹,20-99人,电子商务,1
骅风装饰,20-99人,装修装饰,1
易玛杰电子,20-99人,智能硬件,1
维亚科技,0-20人,计算机软件,1
南亚塑胶,100-499人,其他行业,1
成创,0-20人,装修装饰,1
品星,20-99人,电子商务,1
旺嘉利,0-20人,社交网络,1
欧华尚,100-499人,贸易/进出口,1
推豹网络,0-20人,电子商务,1
杭州坤泽厦门分公司,20-99人,银行,1
金代账,100-499人,企业服务,1
源辰智能,0-20人,通信/网络设备,1
美矣,20-99人,电子商务,1
鑫益能,0-20人,数据服务,1
京邦达供应链,1000-9999人,交通/运输,1
润泽致远,100-499人,计算机软件,1
翼臻环保,20-99人,工程施工,1
上海向心云,100-499人,计算机软件,1
紫桐互动,20-99人,游戏,1
讯络,0-20人,计算机软件,1
维运网,100-499人,企业服务,1
说茶信息科技有限公司,20-99人,证券/期货,1
触游公司,0-20人,游戏,1
厦门市鑫塬信息科技,20-99人,计算机硬件,1
携影网络,0-20人,计算机软件,1
车泊易,0-20人,其他服务业,1
厦门科威,0-20人,计算机硬件,1
厦门金蝶,100-499人,互联网,1
美姿,100-499人,美容/美发,1
厦门和呈睿知识产...,0-20人,其他专业服务,1
象多多,100-499人,企业服务,1
厦门峻德,20-99人,装修装饰,1
缔盟科技,20-99人,计算机软件,1
幻境互娱,0-20人,移动互联网,1
晨曦科技,100-499人,计算机软件,1
某知名上市集团公司,1000-9999人,信息安全,1
博业众成,0-20人,移动互联网,1
鹿大福,20-99人,智能硬件,1
厦门稀奇购科技有...,0-20人,移动互联网,1
新环,0-20人,工程施工,1
厦门市好利嘉工艺品,20-99人,电子商务,1
甬微电子,0-20人,电子/半导体/集成电路,1
优依互联网行销策划,20-99人,电子商务,1
大智若愚,100-499人,其他服务业,1
多宝盈,20-99人,批发/零售,1
厦门市圣将科技有...,20-99人,文化/体育/娱乐,1
行棋网络,0-20人,计算机软件,1
曾正锋,20-99人,广告/公关/会展,1
世一电子,0-20人,智能硬件,1
某计算机软件公司,20-99人,计算机软件,1
闽园集团,20-99人,工程施工,1
艾恩姆集团,20-99人,智能硬件,1
YOUo营养保鲜智造者,1000-9999人,贸易/进出口,1
四川天辰智联科技...,20-99人,移动互联网,1
华方软件科技,20-99人,移动互联网,1
精远电子,100-499人,机械设备/机电/重工,1
鉴科环境食品检测,100-499人,检测/认证,1
海洋皇后,0-20人,电子商务,1
应喜文化产业,0-20人,文化/体育/娱乐,1
房在线,100-499人,互联网,1
丽声源音响,0-20人,家具/家电/家居,1
汇纳环保,20-99人,智能硬件,1
中资源,100-499人,企业服务,1
宏启达,20-99人,贸易/进出口,1
出海互动,20-99人,电子商务,1
HUTTECH,0-20人,智能硬件,1
厦门瑞力,0-20人,通信/网络设备,1
微正网络,20-99人,计算机软件,1
清源科技,500-999人,数据服务,1
光云科技,1000-9999人,互联网,1
亿阳汇聚,0-20人,移动互联网,1
麦德龙,100-499人,批发/零售,1
创易网络,20-99人,互联网,1
慧翰微电子,100-499人,电子/半导体/集成电路,1
方块科技,20-99人,游戏,1
无国界,20-99人,信息安全,1
知行堂,0-20人,培训机构,1
毅辉腾,0-20人,仪器仪表/工业自动化,1
携度网络科技,20-99人,媒体,1
壹电电力,0-20人,企业服务,1
航霆电子,20-99人,电子/半导体/集成电路,1
礼小签,20-99人,计算机软件,1
厦门硕道物联科技公司,20-99人,印刷/包装/造纸,1
厦门光箭,20-99人,电子商务,1
福建信昇达智能科...,100-499人,互联网,1
若航(福建)净化...,20-99人,环保,1
长沙誉风,20-99人,电子商务,1
博誉,20-99人,广告/公关/会展,1
那由他,20-99人,互联网,1
智世科技,20-99人,互联网,1
渠网在线,20-99人,互联网,1
众力兴,20-99人,机械设备/机电/重工,1
飞舌,20-99人,广告营销,1
营软,20-99人,制药,1
深圳风向标,0-20人,计算机软件,1
伊米亚康,0-20人,仪器仪表/工业自动化,1
阿里巴巴高德,1000-9999人,互联网,1
鹰眼天下,0-20人,智能硬件,1
重庆南方,100-499人,医疗设备/器械,1
普州教育,0-20人,培训机构,1
金美信消费金融,100-499人,互联网金融,1
全璟数玻,100-499人,媒体,1
海达国际仪器,100-499人,仪器仪表/工业自动化,1
濡沫智控,0-20人,计算机软件,1
浙江大华,10000人以上,互联网,1
汇三江,20-99人,移动互联网,1
盈瑞丰,100-499人,其他行业,1
三德信,100-499人,原材料及加工/模具,1
挑壹电子,20-99人,电子商务,1
厦门创业人环保科技,500-999人,印刷/包装/造纸,1
源古制冷,20-99人,新能源,1
非池中文化传播,20-99人,培训机构,1
美瑞祺,20-99人,电子商务,1
住房担保,100-499人,租赁/拍卖/典当/担保,1
万物云,10000人以上,物业服务,1
京泰隆科技,500-999人,批发/零售,1
瀚星科技,20-99人,医疗健康,1
片仔癀宏仁,1000-9999人,医疗/护理/卫生,1
嘻狮,20-99人,电子商务,1
钏鑫机械,0-20人,仪器仪表/工业自动化,1
尚品优优,20-99人,互联网,1
安泰迪,1000-9999人,家具/家电/家居,1
万数解码,20-99人,计算机软件,1
厦门洛福特,0-20人,批发/零售,1
钜德电子,0-20人,机械设备/机电/重工,1
龙岩市新罗区祺正...,20-99人,运营商/增值服务,1
厦门三堃,500-999人,电子/半导体/集成电路,1
广东超级龙,20-99人,机械设备/机电/重工,1
厦门力巨科技,100-499人,仪器仪表/工业自动化,1
智仁汇,20-99人,计算机软件,1
企轻淞,100-499人,电子商务,1
厦门洪远,20-99人,机械设备/机电/重工,1
竞之友科技,20-99人,互联网,1
江苏一道云科技,100-499人,互联网,1
联合众力,0-20人,电子商务,1
呆游科技,0-20人,游戏,1
厦门久其,0-20人,电子/半导体/集成电路,1
厦门歆潮,500-999人,电子商务,1
厦门飞天兔,0-20人,移动互联网,1
厦门金汤橡塑,100-499人,汽车零部件,1
完美动力教育,20-99人,培训机构,1
航天思尔特,100-499人,仪器仪表/工业自动化,1
易宝软件,1000-9999人,互联网,1
厦门厦杏摩托有限公司,500-999人,机械设备/机电/重工,1
依萨卡,0-20人,计算机软件,1
琴巢,100-499人,在线教育,1
然恰恰餐饮,20-99人,食品/饮料/烟酒,1
尚沃教育,20-99人,培训机构,1
厦门顺达诚,0-20人,医疗设备/器械,1
圆圈互联,20-99人,互联网,1
申石软件,20-99人,计算机软件,1
万泰生物,1000-9999人,医疗设备/器械,1
朗思,20-99人,家具/家电/家居,1
赛瀚德,20-99人,互联网,1
安必兴信息科技,20-99人,计算机软件,1
国净,0-20人,环保,1
本能管家,100-499人,计算机软件,1
启明星辰,1000-9999人,信息安全,1
帕可丹丝,100-499人,批发/零售,1
活石泉进出口,100-499人,批发/零售,1
岚普,0-20人,计算机硬件,1
新维利,0-20人,原材料及加工/模具,1
祥峰投资,20-99人,互联网金融,1
深圳埃克斯工业自动化,20-99人,计算机软件,1
合携社工,0-20人,非盈利机构,1
中国民生银行,10000人以上,银行,1
东华医为,1000-9999人,医疗健康,1
Vteam天蓝海蓝,0-20人,企业服务,1
厦门鑫安宾馆,20-99人,酒店,1
网杰信息,20-99人,计算机硬件,1
鑫思安,0-20人,电子/半导体/集成电路,1
钏业,0-20人,装修装饰,1
福建瑞朋,0-20人,信息安全,1
天际互娱,20-99人,游戏,1
科盛,100-499人,仪器仪表/工业自动化,1
梦想互娱,100-499人,文化/体育/娱乐,1
巨奥科技,20-99人,互联网,1
云茂互联,20-99人,互联网,1
厦门安能,100-499人,建筑设计,1
五条人糖水铺,1000-9999人,餐饮,1
日广科技,0-20人,新能源,1
简单点么科技有限公司,20-99人,计算机软件,1
CONJION,500-999人,电子/半导体/集成电路,1
领汇医疗,20-99人,医疗设备/器械,1
德医互联,20-99人,移动互联网,1
浙大恩特,100-499人,互联网,1
厦门市阳江机械有...,20-99人,机械设备/机电/重工,1
知其鳄,0-20人,音乐/视频/阅读,1
纯敬科技,0-20人,互联网,1
绅琪智能科技,0-20人,装修装饰,1
厦门百霖,500-999人,机械设备/机电/重工,1
世心声学,20-99人,环保,1
房多多,1000-9999人,互联网,1
节流计算机系统,0-20人,计算机软件,1
苏博医学,1000-9999人,医疗健康,1
黑杰克,0-20人,游戏,1
沃弗咨询,20-99人,咨询,1
阿伏加,0-20人,游戏,1
热风品牌集团,20-99人,广告营销,1
蓝克(上海)软件...,1000-9999人,计算机软件,1
向格信息科技,0-20人,企业服务,1
宝姿PORTS,10000人以上,服装/纺织/皮革,1
际诺思,500-999人,家具/家电/家居,1
闲云网络,100-499人,生活服务,1
高尔夫扑克,20-99人,文化/体育/娱乐,1
康动科技,20-99人,电子/半导体/集成电路,1
绿色新能源,20-99人,电力/热力/燃气/水利,1
绿湾环保,0-20人,环保,1
学透通,100-499人,互联网,1
瑞德高能源,0-20人,新能源,1
宸展,500-999人,电子/半导体/集成电路,1
厦门驰梦贸易有限公司,20-99人,电子商务,1
很稳游戏,20-99人,游戏,1
衡易科技,20-99人,电子商务,1
鑫康顺,20-99人,医疗设备/器械,1
福建新开普,100-499人,计算机软件,1
SYRELN S,20-99人,化工,1
米舒,500-999人,电子商务,1
郝麦,100-499人,电子商务,1
中翎易优创,20-99人,医疗设备/器械,1
花千汇鲜花店,0-20人,婚庆/摄影,1
厦门光达信科技有...,0-20人,电子/半导体/集成电路,1
买懂科技,20-99人,互联网,1
麦城,20-99人,电子商务,1
沃普,0-20人,通信/网络设备,1
富通天下,500-999人,互联网,1
虹岚,0-20人,文化/体育/娱乐,1
汉嘉国际,20-99人,贸易/进出口,1
正屋,100-499人,电子/半导体/集成电路,1
易致达,20-99人,计算机软件,1
通恒托利,0-20人,计算机软件,1
中促设计公司,20-99人,广告/公关/会展,1
恩仕米特,20-99人,电子商务,1
开全酒店,20-99人,酒店,1
颖响力文化传播,0-20人,广告/公关/会展,1
万班科技,0-20人,企业服务,1
熠盈,0-20人,仪器仪表/工业自动化,1
少食糖,0-20人,其他服务业,1
智优利网络,0-20人,计算机软件,1
安信智创,0-20人,仪器仪表/工业自动化,1
厦钨智能装备,20-99人,机械设备/机电/重工,1
睿行文化,20-99人,文化/体育/娱乐,1
赛凡信息科技,0-20人,互联网,1
泽映,20-99人,音乐/视频/阅读,1
尚辉瑞,0-20人,机械设备/机电/重工,1
世茂天成物业,1000-9999人,物业服务,1
巨锐,0-20人,医疗设备/器械,1
福建中奥嘉,20-99人,通信/网络设备,1
智器云科技,100-499人,互联网,1
厦门铭惠,0-20人,电子商务,1
四方德信,20-99人,计算机软件,1
天简信息技术有限公司,100-499人,互联网,1
玛立克,100-499人,电子/半导体/集成电路,1
盒物科技,20-99人,电子商务,1
云创,100-499人,计算机软件,1
厦门科利捷自动化...,20-99人,机械设备/机电/重工,1
丰万达,0-20人,数据服务,1
三方诚信,0-20人,其他专业服务,1
游方科技,20-99人,社交网络,1
趣味豆,20-99人,互联网,1
唯印坊,20-99人,互联网,1
新耕,100-499人,贸易/进出口,1
厦门纵能,20-99人,电子/半导体/集成电路,1
华特集团,500-999人,建材,1
钚氪,0-20人,智能硬件,1
Veewo Games,0-20人,游戏,1
三章机电,20-99人,电力/热力/燃气/水利,1
乐原生活科技,0-20人,智能硬件,1
ABOVE,100-499人,贸易/进出口,1
博特,20-99人,服装/纺织/皮革,1
嘉梵,100-499人,电子商务,1
桀庚信息,0-20人,计算机硬件,1
厦门聚智,20-99人,计算机软件,1
傲农集团,1000-9999人,农/林/牧/渔,1
瑞颛达有限公司,20-99人,互联网金融,1
恒娱网络,20-99人,互联网,1
合创日盛,0-20人,机械设备/机电/重工,1
睿天科技,0-20人,院校,1
金百晓,0-20人,游戏,1
厦门耀梦科技有限公司,20-99人,游戏,1
成都九均科技有限公司,20-99人,证券/期货,1
千丛设计机构,0-20人,工程施工,1
上海天跃科技,500-999人,计算机软件,1
汉科,500-999人,电子/半导体/集成电路,1
极乐互动,0-20人,互联网,1
翊和达,0-20人,电子/半导体/集成电路,1
开阳创和科技,0-20人,计算机服务,1
兴海物联,1000-9999人,互联网,1
海菱科技,100-499人,汽车零部件,1
恒远智能科技,20-99人,计算机软件,1
伟铄,0-20人,计算机服务,1
高阳飞动,100-499人,移动互联网,1
金轩(福州)知识产权,20-99人,企业服务,1
厦门依维盛,0-20人,机械设备/机电/重工,1
吉鼎科技,20-99人,计算机软件,1
厦门财通,0-20人,移动互联网,1
猫头鹰足球,0-20人,文化/体育/娱乐,1
星大路教育,0-20人,电子商务,1
高维思创,20-99人,在线教育,1
港特斯金,20-99人,建材,1
泰瑞通,20-99人,机械设备/机电/重工,1
威伯伦,0-20人,机械设备/机电/重工,1
圣蒂尼,0-20人,工程施工,1
亿烁,0-20人,生活服务,1
深圳懂你教育,20-99人,在线教育,1
厦门游拉拉,0-20人,旅游,1
科连,20-99人,电子/半导体/集成电路,1
嘿咪科技,0-20人,数据服务,1
国伎,100-499人,其他行业,1
友巨新能源科技,20-99人,新能源,1
顶点软件,1000-9999人,计算机软件,1
小包科技,20-99人,互联网,1
云风网络,20-99人,电子商务,1
璞谷公司,0-20人,批发/零售,1
山国饮艺,100-499人,生活服务,1
雅格股份,20-99人,广告营销,1
tarrenmill(棠米),100-499人,贸易/进出口,1
人可网络,0-20人,计算机软件,1
益泰盛电子,20-99人,原材料及加工/模具,1
goomax,100-499人,新能源,1
励通科技,0-20人,贸易/进出口,1
云海龙商贸,100-499人,服装/纺织/皮革,1
鼎尖软件,20-99人,计算机软件,1
择东软件,0-20人,移动互联网,1
万利达,1000-9999人,电子/半导体/集成电路,1
华润三九医药,1000-9999人,制药,1
晨怡家信息技术,20-99人,计算机软件,1
东南翔影,100-499人,广播/影视,1
华夏创新,100-499人,互联网,1
厦门美莱,100-499人,医疗健康,1
十七科技,20-99人,其他服务业,1
帝恒诺,100-499人,电子/半导体/集成电路,1
中恒信,20-99人,工程施工,1
如是沃言,20-99人,移动互联网,1
熠盈科技,0-20人,仪器仪表/工业自动化,1
船顺科技,20-99人,计算机软件,1
联拓天际,100-499人,互联网,1
深黑科技,20-99人,互联网,1
云帐房,1000-9999人,互联网,1
禾沣农业,100-499人,农/林/牧/渔,1
铅变万画教育咨询,20-99人,培训机构,1
锐视科技,0-20人,智能硬件,1
柏西贸易,20-99人,建材,1
鸿鹭联创,100-499人,机械设备/机电/重工,1
九唐艺术品有限公司,20-99人,互联网,1
厦门掌能,0-20人,仪器仪表/工业自动化,1
天环能源,20-99人,贸易/进出口,1
厦门盛璟建筑,20-99人,工程施工,1
深义网络,20-99人,游戏,1
欣旺捷,0-20人,仪器仪表/工业自动化,1
瑞斯特佰沃斯贸易,0-20人,贸易/进出口,1
同创电力,100-499人,电力/热力/燃气/水利,1
风领科技,20-99人,游戏,1
厦门京泰隆,100-499人,批发/零售,1
合华千科技,20-99人,生活服务,1
大森林,100-499人,计算机软件,1
澳联中,0-20人,电力/热力/燃气/水利,1
景誉,0-20人,工程施工,1
中榕建,100-499人,通信/网络设备,1
软通动力集团,10000人以上,移动互联网,1
星烛科技,0-20人,计算机软件,1
福建恒天晨光节能...,20-99人,投资/融资,1
双叶软件科技,100-499人,计算机软件,1
赛玟,20-99人,服装/纺织/皮革,1
易捷乐,100-499人,贸易/进出口,1
厦门吉特电子,0-20人,家具/家电/家居,1
蝌蚪生态空间,0-20人,企业服务,1
我家云,20-99人,企业服务,1
海力拓,20-99人,仪器仪表/工业自动化,1
兜优信息,20-99人,互联网,1
恒益创,0-20人,信息安全,1
蜂橙互娱,0-20人,广播/影视,1
微聚点科技,20-99人,计算机软件,1
恺硕生物,20-99人,医疗设备/器械,1
佳晶微,0-20人,电子/半导体/集成电路,1
厦门蓝宇宙科技有...,0-20人,互联网,1
柯尔,20-99人,机械设备/机电/重工,1
云蚂数链,20-99人,数据服务,1
北京欣亚中物业,500-999人,其他服务业,1
东峻新能源集团,20-99人,新能源,1
星垣科技,20-99人,计算机软件,1
DeepAIT,20-99人,计算机服务,1
随云,20-99人,互联网,1
妖猫网络,20-99人,游戏,1
瑞利特,20-99人,工程施工,1
某知名建材上市公司,1000-9999人,建材,1
瑞尔女装,100-499人,批发/零售,1
亚信智能家居有限公司,0-20人,电子商务,1
百全文化,20-99人,学术/科研,1
掌眼,20-99人,计算机软件,1
某知名上市集团公司,100-499人,游戏,1
予诺,0-20人,仪器仪表/工业自动化,1
厦门企讯通科技有...,0-20人,咨询,1
和芯科技,20-99人,计算机软件,1
红途贸易,0-20人,食品/饮料/烟酒,1
新航道,100-499人,培训机构,1
福熙,100-499人,电子/半导体/集成电路,1
健仕康,20-99人,建材,1
某大型工业自动化公司,500-999人,仪器仪表/工业自动化,1
鼎峰嘉泰,20-99人,其他专业服务,1
欣合睿智科技服务,0-20人,培训机构,1
紫硅半导体,20-99人,电子/半导体/集成电路,1
四达网络,0-20人,互联网,1
商华智能科技,0-20人,通信/网络设备,1
光影之间,0-20人,广播/影视,1
厦门网宝,0-20人,通信/网络设备,1
创德,100-499人,机械设备/机电/重工,1
威科姆科技,500-999人,在线教育,1
瑞界新材料有限公司,0-20人,原材料及加工/模具,1
中骏电气厦门公司,100-499人,电力/热力/燃气/水利,1
巨控(厦门)自动...,0-20人,机械设备/机电/重工,1
海峡教育,20-99人,在线教育,1
易聪科技,0-20人,计算机软件,1
威特,0-20人,计算机硬件,1
汉克时代,1000-9999人,互联网,1
鱼蛋科技,0-20人,互联网,1
世捷智能科技,0-20人,建材,1
厦门物之联数字科...,100-499人,计算机软件,1
南昌肤瑞生物,100-499人,其他行业,1
涂装互联,500-999人,工程施工,1
厦门许继,100-499人,仪器仪表/工业自动化,1
北明数科,100-499人,互联网,1
神力科技集团,100-499人,工程施工,1
宏立信科技,20-99人,电子/半导体/集成电路,1
北京国能日新,100-499人,计算机软件,1
厦门爱特普,0-20人,计算机硬件,1
快付信息,0-20人,运营商/增值服务,1
伏羲,0-20人,游戏,1
英智长城,20-99人,广告/公关/会展,1
千奇百游,20-99人,游戏,1
七道水,20-99人,医疗健康,1
勤忻童网络科技,20-99人,互联网金融,1
青枣信息技术,20-99人,贸易/进出口,1
雀氏,1000-9999人,其他行业,1
神州数码,1000-9999人,计算机软件,1
汉林声音响店,0-20人,通信/网络设备,1
失控科技,20-99人,互联网,1
瑞贝亚,20-99人,工程施工,1
秉奥科技,0-20人,机械设备/机电/重工,1
厦门兴佑信息技术,0-20人,计算机软件,1
江友,100-499人,其他行业,1
飞讯达,20-99人,通信/网络设备,1
盛果集和,0-20人,贸易/进出口,1
必乐领主科技,20-99人,互联网,1
厦钨新能源,500-999人,新能源,1
豪盛光电,0-20人,电子/半导体/集成电路,1
亨汇,0-20人,移动互联网,1
先有人科技,20-99人,移动互联网,1
大颂通产,0-20人,建材,1
福建创佳,20-99人,工程施工,1
斯玛特思,0-20人,电力/热力/燃气/水利,1
万物共振,0-20人,移动互联网,1
银数,0-20人,信息安全,1
初创网络,0-20人,计算机服务,1
腾博裕立,20-99人,电子商务,1
创纪,0-20人,仪器仪表/工业自动化,1
厦门中物投,20-99人,贸易/进出口,1
精艺兴业,100-499人,贸易/进出口,1
LENOVO,10000人以上,计算机软件,1
星农瑞升,20-99人,农/林/牧/渔,1
携住科技,1000-9999人,智能硬件,1
趣漫悠品文化创意,0-20人,文化/体育/娱乐,1
雯帕文化传播,500-999人,生活服务,1
七巧板,100-499人,计算机软件,1
天侨科技北京分公司,20-99人,互联网,1
安思尔,1000-9999人,原材料及加工/模具,1
乐哈氏,0-20人,批发/零售,1
厦门网控,20-99人,环保,1
石头城信息服务,100-499人,互联网,1
蒙发利实业,1000-9999人,医疗设备/器械,1
侠觅科技,0-20人,计算机软件,1
掌上公交,100-499人,移动互联网,1
苇坤科技,100-499人,计算机软件,1
微科龙盾,20-99人,电子商务,1
端游科技,20-99人,游戏,1
众恒船务,0-20人,其他服务业,1
小推科技,20-99人,计算机软件,1
创智云科,0-20人,企业服务,1
奇安信集团,1000-9999人,信息安全,1
夏新移动,20-99人,电子/半导体/集成电路,1
深圳新点,20-99人,计算机软件,1
南京苏瑞,20-99人,仪器仪表/工业自动化,1
招银云创,100-499人,计算机软件,1
安保森,0-20人,新能源,1
云兮创世,0-20人,计算机软件,1
长生道,20-99人,互联网,1
想呗,0-20人,计算机软件,1
杨昊教育科技,0-20人,培训机构,1
厦门聚恩,100-499人,计算机软件,1
花木易购,20-99人,电子商务,1
小马宝莉,0-20人,计算机软件,1
厦门图森科技,0-20人,互联网,1
厦门宝芝林,20-99人,医疗健康,1
骏昕,20-99人,互联网,1
DOSRON,0-20人,电子/半导体/集成电路,1
星空互动,20-99人,游戏,1
晨汐科技,0-20人,仪器仪表/工业自动化,1
蓝源设计,20-99人,电力/热力/燃气/水利,1
财盈,0-20人,电子/半导体/集成电路,1
某大型互联网公司,1000-9999人,移动互联网,1
征夏电商,0-20人,电子商务,1
卓维,0-20人,计算机硬件,1
厦门银华机械有限公司,500-999人,机械设备/机电/重工,1
兴嘉民,20-99人,工程施工,1
安全屋网络,0-20人,通信/网络设备,1
厦门慕莱照明有限公司,100-499人,电子/半导体/集成电路,1
呼博士,1000-9999人,电子商务,1
浪人科技,20-99人,生活服务,1
掌中金,20-99人,计算机软件,1
建河世纪数码,100-499人,计算机硬件,1
厦门名翼,0-20人,计算机软件,1
医管家,20-99人,医疗健康,1
犇竞(厦门)网络...,20-99人,游戏,1
厦门捷晟数字科技,0-20人,计算机硬件,1
联鑫行市政工程,500-999人,工程施工,1
厦门市金宝源实业...,100-499人,原材料及加工/模具,1
亿腾达建设股份有...,20-99人,工程施工,1
万才商业模式,20-99人,企业服务,1
商链通信息,0-20人,计算机软件,1
欣欣旅游,100-499人,移动互联网,1
融桥咨询,100-499人,企业服务,1
新居发家政,100-499人,生活服务,1
SOG,1000-9999人,企业服务,1
精敏惠,0-20人,计算机软件,1
顶呱呱科技,100-499人,计算机软件,1
福建抽象派,20-99人,智能硬件,1
树懒信息科技有限公司,20-99人,计算机软件,1
华祥苑茗茶,1000-9999人,贸易/进出口,1
月茂机器人编程,0-20人,培训机构,1
图创软件,100-499人,计算机软件,1
世茂旅游,20-99人,旅游,1
IGA,20-99人,汽车零部件,1
九龙设计,20-99人,建筑设计,1
龙净环保,500-999人,环保,1
阿克迪水处理,20-99人,环保,1
城市麦田环保科技,20-99人,其他专业服务,1
易硕信息,20-99人,信息安全,1
巨格智能技术,20-99人,企业服务,1
猜想网络,20-99人,互联网,1
Futis,1000-9999人,电子商务,1
买辣拼团,20-99人,互联网,1
泰山汇,0-20人,证券/期货,1
中软联合大数据服务,20-99人,数据服务,1
大锤网络科技,100-499人,电子商务,1
艾兴诺,0-20人,电子商务,1
石狮市白起贸易有...,0-20人,游戏,1
智小金,20-99人,智能硬件,1
某大型电子公司,100-499人,电子/半导体/集成电路,1
厦门华和元环保科...,0-20人,环保,1
福建百川,500-999人,环保,1
凌越,20-99人,计算机软件,1
信速数字科技,20-99人,互联网,1
文思海辉,10000人以上,计算机软件,1
上海永利,500-999人,原材料及加工/模具,1
聚合航宇,0-20人,互联网,1
广州琦思信息技术...,20-99人,计算机软件,1
琦付天下,20-99人,移动互联网,1
亿能达信息,100-499人,计算机软件,1
玖达电子,0-20人,仪器仪表/工业自动化,1
固乔,0-20人,电子商务,1
祺安达,20-99人,仪器仪表/工业自动化,1
厦门思冠,20-99人,互联网,1
光镊科技,20-99人,计算机软件,1
自在轩装饰,20-99人,装修装饰,1
悠伴,20-99人,电子商务,1
纵横环宇,20-99人,移动互联网,1
某移动互联网公司,20-99人,移动互联网,1
福建润天信息,100-499人,通信/网络设备,1
爱步精益,20-99人,企业服务,1
Ropeok,500-999人,计算机服务,1
互联天下,100-499人,在线教育,1
厦门浅深,100-499人,旅游,1
厦门六潇云,0-20人,计算机软件,1
兵蚁传奇,20-99人,企业服务,1
智健云科技,0-20人,互联网,1
厦门中科智慧医疗...,0-20人,医疗设备/器械,1
优胜卫厨,1000-9999人,移动互联网,1
上海更赢,1000-9999人,移动互联网,1
富士乐医疗科技公司,20-99人,医疗/护理/卫生,1
厦门疯狂优化,20-99人,互联网,1
永翔飞,0-20人,通信/网络设备,1
厦门福美科技有限公司,20-99人,机械设备/机电/重工,1
中科优立,20-99人,计算机软件,1
迪克尔,0-20人,电子商务,1
豆玩互动,20-99人,计算机软件,1
思凯兰集团,100-499人,院校,1
蚨祺,20-99人,机械设备/机电/重工,1
胜诚心,100-499人,餐饮,1
厦门欣佳电,0-20人,智能硬件,1
致汇网络,0-20人,计算机硬件,1
华为技术,10000人以上,运营商/增值服务,1
厦门胖七,0-20人,游戏,1
中版信达,20-99人,文化/体育/娱乐,1
掌中印,0-20人,企业服务,1
雷灿精密,0-20人,机械设备/机电/重工,1
帆游加速器,0-20人,智能硬件,1
琴邦音乐,20-99人,培训机构,1
星享科技,0-20人,企业服务,1
艾依儿,20-99人,文化/体育/娱乐,1
厦门天力进出口,20-99人,新能源,1
亲选科技,100-499人,社交网络,1
满洲里北纬科贸有...,0-20人,通信/网络设备,1
Anser,20-99人,仪器仪表/工业自动化,1
厦门市金手指装饰,0-20人,工程施工,1
厦门元夏科技有限...,20-99人,计算机软件,1
彼格斯,20-99人,原材料及加工/模具,1
厦门绿厨,100-499人,贸易/进出口,1
美好时光,20-99人,计算机软件,1
厦门巧姐姐保洁服...,0-20人,物业服务,1
众诚悦,100-499人,生活服务,1
二次方网络科技,20-99人,数据服务,1
厦门泽火数字科技...,0-20人,数据服务,1
凯瑞亿达,20-99人,移动互联网,1
通力凯顿(北京),100-499人,计算机软件,1
众能联合,1000-9999人,互联网,1
倍特力,20-99人,电力/热力/燃气/水利,1
亿实软件,20-99人,计算机软件,1
某知名企业,1000-9999人,互联网,1
领贝智能,20-99人,计算机软件,1
东华天业房地产评估,20-99人,其他专业服务,1
厦门欣科科技有限公司,20-99人,仪器仪表/工业自动化,1
有赞,1000-9999人,互联网,1
创想世界网络科技,20-99人,计算机软件,1
艾欧特,20-99人,互联网,1
鹦鹉螺智能科技,0-20人,广告营销,1
伍月科技,0-20人,智能硬件,1
骏微,20-99人,电子/半导体/集成电路,1
知产通,0-20人,专利/商标/知识产权,1
米应科技,0-20人,互联网,1
新甲电子,0-20人,计算机硬件,1
瑞为技术,100-499人,智能硬件,1
天来数位,0-20人,计算机软件,1
肌动力,20-99人,电子商务,1
豫闽博,0-20人,通信/网络设备,1
骨之味,500-999人,餐饮,1
快快加油,20-99人,移动互联网,1
诚益信网络推广,0-20人,移动互联网,1
洲达科技,0-20人,机械设备/机电/重工,1
纳丝达,100-499人,贸易/进出口,1
指数进化,20-99人,电子商务,1
杭州明讯软件,100-499人,互联网,1
商科,20-99人,计算机软件,1
厦门万物众联,0-20人,机械设备/机电/重工,1
迦南智控,20-99人,通信/网络设备,1
融恒德,20-99人,计算机软件,1
水熊虫vr,0-20人,移动互联网,1
厦门聚页,0-20人,计算机软件,1
特宝生物,500-999人,制药,1
中施信,20-99人,计算机软件,1
绿冷机电工程,100-499人,工程施工,1
景业晟美,100-499人,服装/纺织/皮革,1
锋盾网络,0-20人,计算机软件,1
天鼎夏禹摄影工作室,20-99人,广告/公关/会展,1
叁拾壹中军智能,20-99人,数据服务,1
捷科智诚,10000人以上,计算机软件,1
厦门浩味食品有限公司,20-99人,食品/饮料/烟酒,1
特威奥,0-20人,计算机服务,1
厦门文仪,100-499人,企业服务,1
女王秘密,0-20人,食品/饮料/烟酒,1
JONORM,100-499人,农/林/牧/渔,1
巨象互娱,20-99人,电子商务,1
知恒软件,0-20人,计算机软件,1
块贝,0-20人,互联网,1
应科尔,0-20人,贸易/进出口,1
企货通,20-99人,环保,1
鹭铠汽车内饰定制中心,0-20人,服装/纺织/皮革,1
博维尔,100-499人,分类信息,1
精顺高频,20-99人,机械设备/机电/重工,1
某大型医疗公司,100-499人,医疗/护理/卫生,1
某知名计算机软件公司,1000-9999人,计算机软件,1
闪优物联,20-99人,智能硬件,1
慧邦,0-20人,企业服务,1
华源嘉航,20-99人,电子/半导体/集成电路,1
朵核,0-20人,互联网,1
胤美世纪,20-99人,计算机软件,1
厦航物业,500-999人,物业服务,1
比特伏科技,0-20人,互联网,1
厦门积成节能设备...,20-99人,其他专业服务,1
爱美景,100-499人,工艺品/收藏品,1
君爱科技有限公司,20-99人,生活服务,1
厦门泓天,20-99人,机械设备/机电/重工,1
灵联科技,0-20人,智能硬件,1
优立方,0-20人,其他专业服务,1
挚上管理咨询,0-20人,咨询,1
冠音泰,1000-9999人,电子/半导体/集成电路,1
仝恒,20-99人,人力资源服务,1
厦门而立信息,0-20人,计算机软件,1
快裹网络科技,0-20人,生活服务,1
仟佰盾,100-499人,贸易/进出口,1
创世天承,20-99人,移动互联网,1
顺亚美,20-99人,电子商务,1
大盛魁,0-20人,互联网金融,1
华联电子器材,0-20人,智能硬件,1
泉州海创自动化科...,1000-9999人,贸易/进出口,1
麦口科技,20-99人,移动互联网,1
国越包装,20-99人,新闻/出版,1
伊怀普道环保设备,0-20人,环保,1
钰辰,20-99人,电子/半导体/集成电路,1
广盛弘科技,100-499人,原材料及加工/模具,1
欣高,0-20人,4S店/后市场,1
厦门叁壹伍捌,20-99人,互联网,1
数方量化技术,0-20人,计算机软件,1
永亿利信息科技,20-99人,计算机软件,1
甘肃安装,20-99人,工程施工,1
厦门佰欧,20-99人,环保,1
厦门维控,0-20人,智能硬件,1
吖萌琅网络科技,0-20人,O2O,1
厦门邑度,20-99人,工程施工,1
安居物业,1000-9999人,物业服务,1
中国航天科工,1000-9999人,其他行业,1
易推网络,20-99人,计算机软件,1
平安银行厦门分行,500-999人,银行,1
厦门三桥包装设备,0-20人,企业服务,1
快维,20-99人,电子商务,1
长美兴业,0-20人,环保,1
易展秀科技,0-20人,计算机软件,1
吉门保险丝,100-499人,机械设备/机电/重工,1
厦门天使街,0-20人,互联网金融,1
新浪厦门,100-499人,移动互联网,1
禾川,1000-9999人,仪器仪表/工业自动化,1
亿码,100-499人,计算机软件,1
四兴塔桅,20-99人,通信/网络设备,1
海佳集团,1000-9999人,仪器仪表/工业自动化,1
厦门联合船代,20-99人,交通/运输,1
中科同讯,0-20人,工程施工,1
万根网络,20-99人,计算机服务,1
美时美克,0-20人,汽车零部件,1
众易居装修网,100-499人,移动互联网,1
源智库,0-20人,移动互联网,1
厦门宝数,0-20人,电子商务,1
Fabbear,20-99人,互联网,1
匀典文化,20-99人,计算机软件,1
天博国际,100-499人,美容/美发,1
方正证券厦门湖滨南,20-99人,证券/期货,1
唐门,500-999人,房地产开发,1
厦门卫健,20-99人,医疗设备/器械,1
汉云投资,20-99人,互联网金融,1
康福天成,0-20人,电子商务,1
仝博咨询,20-99人,人力资源服务,1
猜猜看,20-99人,互联网,1
陆海环保,100-499人,企业服务,1
长广科技,100-499人,汽车零部件,1
华祥苑,1000-9999人,生活服务,1
厦门有明糖商贸,0-20人,玩具/礼品,1
天音汇巨,100-499人,媒体,1
英嘉会计师事务所,20-99人,财务/审计/税务,1
砚石科技,20-99人,电子商务,1
维伊电商,20-99人,电子商务,1
某大型数据服务公司,500-999人,数据服务,1
共创汇通,100-499人,其他服务业,1
易企通,0-20人,其他服务业,1
联创达,20-99人,环保,1
美创互动,0-20人,广告/公关/会展,1
安古拉,0-20人,互联网,1
掌上通,0-20人,智能硬件,1
厦门国特,20-99人,仪器仪表/工业自动化,1
顺辰文化传播有限公司,0-20人,文化/体育/娱乐,1
盈盛捷,20-99人,其他专业服务,1
鑫奕龙,0-20人,贸易/进出口,1
闳图盛道,20-99人,新能源,1
兴光电子,20-99人,计算机服务,1
同心慈善基金会,0-20人,其他行业,1
某大型互联网上市集团公司,100-499人,游戏,1
厦门春开,0-20人,电力/热力/燃气/水利,1
恒泰克科技,0-20人,计算机硬件,1
美达菲双语学校,100-499人,院校,1
知行者,0-20人,移动互联网,1
美柏斯,0-20人,计算机软件,1
鹭云筑,20-99人,咨询,1
朗腾电子,0-20人,电子/半导体/集成电路,1
芯联科技,0-20人,电子/半导体/集成电路,1
咔宝信息技术,20-99人,互联网,1
和润航,0-20人,贸易/进出口,1
旗峰,0-20人,原材料及加工/模具,1
赛博再格,0-20人,计算机软件,1
传数物联,100-499人,仪器仪表/工业自动化,1
元茗机电,0-20人,电子/半导体/集成电路,1
大美网络,20-99人,电子商务,1
矽力杰,500-999人,电子/半导体/集成电路,1
欧宝软件有限公司,100-499人,计算机软件,1
绿诚佑盟,20-99人,互联网,1
百思威,0-20人,电子/半导体/集成电路,1
禾众乐牧,0-20人,餐饮,1
旗沧土石方工程,20-99人,交通/运输,1
网宿,1000-9999人,计算机软件,1
BUJ,20-99人,装修装饰,1
鬼御,0-20人,电子商务,1
海帝印刷,100-499人,印刷/包装/造纸,1
凯胜诺科技,20-99人,电子/半导体/集成电路,1
小步创想慧联科技,100-499人,移动互联网,1
珠海鸥娜信息技术,20-99人,通信/网络设备,1
光植科技,0-20人,数据服务,1
流通宝,20-99人,互联网,1
慧仓,20-99人,新零售,1
豪尔,20-99人,化工,1
加正科技,20-99人,电子商务,1
万象敬创,20-99人,互联网,1
某大型综合集团公司,1000-9999人,工程施工,1
翰格,500-999人,企业服务,1
厦门小红袄知识产...,20-99人,专利/商标/知识产权,1
厦门合兴,1000-9999人,印刷/包装/造纸,1
未来星球,20-99人,移动互联网,1
车占优,0-20人,4S店/后市场,1
兴福马,20-99人,其他行业,1
京东物流-华南区域,10000人以上,物流/仓储,1
厦门诺亚舫园林设...,0-20人,装修装饰,1
鸿安源,20-99人,食品/饮料/烟酒,1
极风网络,20-99人,计算机软件,1
厦门市思明区原欧...,0-20人,美容/美发,1
顶科电子,0-20人,电子/半导体/集成电路,1
泛微,20-99人,机械设备/机电/重工,1
麦丹食品,100-499人,食品/饮料/烟酒,1
弘心教育,20-99人,培训机构,1
厦门悠聚科技有限公司,100-499人,电子商务,1
厦门伊倍特,0-20人,计算机软件,1
开天激光,0-20人,机械设备/机电/重工,1
申科企业管理,0-20人,企业服务,1
金睦愉,20-99人,媒体,1
帛佳工贸,0-20人,服装/纺织/皮革,1
陌偶文化,0-20人,文化/体育/娱乐,1
源香食品,500-999人,食品/饮料/烟酒,1
永特新工程,20-99人,工程施工,1
启君智业,0-20人,广告/公关/会展,1
厦门一片天木业有限公,20-99人,原材料及加工/模具,1
少儿编程咨询服务,20-99人,培训机构,1
福建中威电力,20-99人,工程施工,1
顺风递,100-499人,互联网,1
谊知德,20-99人,生活服务,1
油拉拉,20-99人,计算机软件,1
柒牌男装,1000-9999人,批发/零售,1
瑰宓美容公司,100-499人,美容/美发,1
光弘电子,100-499人,电子/半导体/集成电路,1
云智管理,0-20人,培训机构,1
隐盾科技,20-99人,数据服务,1
天璞国际丨天璞智能,20-99人,智能硬件,1
某大型工程施工公司,100-499人,工程施工,1
厦门谷砾共创网络科技,0-20人,互联网,1
厦门米多游网络科...,0-20人,游戏,1
雅博恒通,20-99人,咨询,1
小鱼网,100-499人,互联网,1
听出奇迹,0-20人,在线教育,1
翰海听潮传媒有限公司,20-99人,互联网,1
正元智慧福建公司,20-99人,计算机软件,1
罗雅,0-20人,医疗健康,1
逸辰环保,20-99人,环保,1
厦门云宙天网,0-20人,计算机硬件,1
广州市腾思信息科...,0-20人,媒体,1
乐玩科创,20-99人,计算机软件,1
Amoycare,20-99人,智能硬件,1
港务酒业,20-99人,批发/零售,1
北京声连网,20-99人,O2O,1
厦门磁北科技有限公司,20-99人,电子/半导体/集成电路,1
厦门康雅洁,100-499人,其他服务业,1
厦门美洋生活,100-499人,电子商务,1
小谷科技,0-20人,数据服务,1
启儿乐商贸,100-499人,批发/零售,1
陶陶居,20-99人,游戏,1
滴盾网络科技有限公司,20-99人,互联网,1
盈丰软件,20-99人,计算机软件,1
红八传媒,0-20人,互联网,1
厦门游成互动网络科技,20-99人,游戏,1
斯坦伯格公司,20-99人,培训机构,1
辰讯达科技有限公司,20-99人,电子/半导体/集成电路,1
运动秀,0-20人,智能硬件,1
德普深,20-99人,计算机软件,1
Dell,1000-9999人,计算机硬件,1
科仕控制,0-20人,仪器仪表/工业自动化,1
壹妙芯,20-99人,医疗设备/器械,1
优浪,20-99人,计算机软件,1
天厦设计,20-99人,建筑设计,1
厦门禾堂,500-999人,餐饮,1
大拇哥教育,100-499人,学术/科研,1
安思通,20-99人,汽车零部件,1
厦门中传商务有限公司,0-20人,广告/公关/会展,1
恒兴铂,20-99人,原材料及加工/模具,1
宸星汇通科技,0-20人,家具/家电/家居,1
翱飞科技,20-99人,计算机软件,1
微思网络,20-99人,培训机构,1
泽睿自动化科技,20-99人,机械设备/机电/重工,1
琦亿电力科技,20-99人,工程施工,1
俊昇达(厦门)自...,0-20人,机械设备/机电/重工,1
奇秦科技,500-999人,计算机软件,1
厦门誉林出国,100-499人,旅游,1
道隆信息科技有限公司,20-99人,互联网,1
准者体育,1000-9999人,文化/体育/娱乐,1
厦门智网科技有限公司,20-99人,企业服务,1
鹭棱科技,0-20人,通信/网络设备,1
智慧指间,20-99人,计算机软件,1
厦门市车泊易交通...,20-99人,智能硬件,1
元客交通,20-99人,交通/运输,1
金实盈信,100-499人,计算机软件,1
中科汇智厦门分公司,0-20人,计算机软件,1
雷元电子,20-99人,家具/家电/家居,1
IUE,500-999人,学术/科研,1
协盟网络,20-99人,生活服务,1
厦门小红点网络,20-99人,计算机软件,1
厦门力传投资有限公司,20-99人,制药,1
树维信息,100-499人,计算机软件,1
易驰软件,20-99人,移动互联网,1
源谦恒建筑,500-999人,工程施工,1
乐尔创文化传播,500-999人,其他服务业,1
水鹿网络,20-99人,电子商务,1
厦门特骑,100-499人,服装/纺织/皮革,1
福建理行集团,20-99人,互联网,1
泊升教育创客中心,20-99人,培训机构,1
轻岚,20-99人,互联网,1
厦门修心花伴农林...,20-99人,工程施工,1
孚盟软件,500-999人,移动互联网,1
运盛精密,0-20人,电子/半导体/集成电路,1
互隆科技,100-499人,O2O,1
振华厦门,0-20人,交通/运输,1
恒测环保,0-20人,环保,1
某500强上市公司,100-499人,游戏,1
致易科技,20-99人,计算机软件,1
真的有料,20-99人,电子商务,1
搞企来,20-99人,企业服务,1
智能特,0-20人,仪器仪表/工业自动化,1
钱柜网,20-99人,移动互联网,1
顺升知识产权,20-99人,企业服务,1
鹏力软件,0-20人,计算机软件,1
奥佳华健康科技,1000-9999人,医疗设备/器械,1
腾鑫汇智,20-99人,互联网金融,1
维视捷(厦门)智...,0-20人,智能硬件,1
易捷乐定制,100-499人,贸易/进出口,1
连线者,0-20人,移动互联网,1
斯帆创客,0-20人,培训机构,1
国程电通,0-20人,仪器仪表/工业自动化,1
中科虎视,0-20人,智能硬件,1
卓网信息,100-499人,信息安全,1
厦门医博在线信息科技,20-99人,医疗健康,1
钒森,0-20人,财务/审计/税务,1
朝晖鑫信,0-20人,计算机软件,1
魔豆网络,20-99人,游戏,1
天创遇合,20-99人,互联网,1
天地众和,20-99人,智能硬件,1
慧达,20-99人,其他服务业,1
厦门高士达,100-499人,信息安全,1
千品千艺,100-499人,原材料及加工/模具,1
创赢信息科技,20-99人,计算机软件,1
世磐科技,20-99人,计算机服务,1
规划数字技术研究中心,100-499人,其他行业,1
墙酷新材料（厦门...,20-99人,装修装饰,1
厦门恒和,0-20人,环保,1
厦江,0-20人,仪器仪表/工业自动化,1
甜小喵,0-20人,互联网,1
厦门瑞听,20-99人,医疗设备/器械,1
元印,20-99人,互联网,1
厦门翰荣,20-99人,装修装饰,1
新驱动科技,20-99人,智能硬件,1
住店圈,100-499人,旅游,1
美域中央,20-99人,互联网,1
沅沅安全,20-99人,检测/认证,1
亚迅工贸,20-99人,电子商务,1
音日科技,20-99人,游戏,1
上海博尚,20-99人,咨询,1
渔好多,20-99人,餐饮,1
九洲世纪,0-20人,电子商务,1
笑了,0-20人,移动互联网,1
厦门兴道盛电子,20-99人,计算机硬件,1
傲网科技,20-99人,计算机软件,1
袋鼠联盟,0-20人,电子商务,1
TNCEN,0-20人,电子/半导体/集成电路,1
三江智联,0-20人,互联网,1
海峡网络,20-99人,媒体,1
南平武夷有轨电车公司,100-499人,交通/运输,1
WDOM,20-99人,贸易/进出口,1
厦门海控,0-20人,智能硬件,1
森凡文化,0-20人,培训机构,1
秀商时代,500-999人,电子商务,1
金鼎云购,0-20人,电子商务,1
万里石,1000-9999人,装修装饰,1
中勘岩土,100-499人,建筑设计,1
万帮数字能源,1000-9999人,新能源,1
踽行众文化发展,0-20人,文化/体育/娱乐,1
玄石网络,0-20人,计算机软件,1
赞盟网络,0-20人,企业服务,1
明达实业,10000人以上,原材料及加工/模具,1
厦门西蒙尼软件,0-20人,计算机软件,1
宝龙环保,100-499人,环保,1
深圳易正,20-99人,计算机软件,1
阳光康健,100-499人,机械设备/机电/重工,1
微谷创新,20-99人,电子商务,1
厦门隆慈科技有限公司,0-20人,机械设备/机电/重工,1
中诚国信,20-99人,电子/半导体/集成电路,1
曙龙科技有限公司,20-99人,仪器仪表/工业自动化,1
丰巢网络,1000-9999人,智能硬件,1
天誉达,20-99人,印刷/包装/造纸,1
陆地港,100-499人,交通/运输,1
新西特,20-99人,贸易/进出口,1
伦茨,0-20人,仪器仪表/工业自动化,1
英剑健身,100-499人,培训机构,1
恒信天成,20-99人,通信/网络设备,1
厦门大同,20-99人,生活服务,1
武盾,100-499人,其他服务业,1
千里讯,20-99人,移动互联网,1
金瑞信息,20-99人,信息安全,1
厦门立宇达,100-499人,文化/体育/娱乐,1
Eingsoft,100-499人,计算机软件,1
政午网络,0-20人,智能硬件,1
宏远达,500-999人,仪器仪表/工业自动化,1
华懋科技,10000人以上,汽车零部件,1
千户之屋科技有限公司,100-499人,其他服务业,1
水叮当,20-99人,移动互联网,1
斯瓦格,0-20人,互联网,1
厦门市政院,500-999人,互联网,1
尚酷网络科技,20-99人,电子商务,1
憬承,0-20人,机械设备/机电/重工,1
厦门汉柏,20-99人,移动互联网,1
厦门豪帝,100-499人,仪器仪表/工业自动化,1
三一睿联,0-20人,计算机软件,1
素伍居,0-20人,美容/美发,1
晨华贸易,20-99人,电子商务,1
工大海松,100-499人,计算机服务,1
中能源石油天然气...,100-499人,石油/石化,1
厦门舒德家居有限公司,100-499人,贸易/进出口,1
卡野网络科技,20-99人,电子商务,1
荔行生活,0-20人,生活服务,1
风领,100-499人,电子商务,1
一丁川电子商务,20-99人,互联网,1
厦门篮球客,0-20人,互联网,1
恩哲工程管理,20-99人,咨询,1
学车GO,20-99人,O2O,1
凯浦瑞,100-499人,医疗健康,1
凌拓通信,100-499人,智能硬件,1
羿海科技,100-499人,计算机软件,1
金旸,100-499人,原材料及加工/模具,1
云客网络,0-20人,互联网金融,1
迅宇网络科技,20-99人,电子商务,1
路桥体育,20-99人,文化/体育/娱乐,1
新中大科技,500-999人,计算机软件,1
厦门千兆科技,0-20人,仪器仪表/工业自动化,1
拯救者网络,0-20人,游戏,1
安得森跨境电商,20-99人,电子商务,1
依朗建材,100-499人,批发/零售,1
隆睿,0-20人,电子/半导体/集成电路,1
乐石科技,100-499人,计算机软件,1
天之旭,0-20人,计算机软件,1
厦门市立方艺品,100-499人,玩具/礼品,1
厦门讯潮创新网络...,0-20人,计算机软件,1
塔鑫视界,0-20人,其他服务业,1
爱酷翼网络,0-20人,移动互联网,1
毅学车,20-99人,其他专业服务,1
秉臻品牌管理,20-99人,其他服务业,1
慧通,1000-9999人,互联网,1
呈睿,20-99人,法律,1
掌玩科技,20-99人,游戏,1
鹭工集团,100-499人,工程施工,1
厦门惠创电子,100-499人,通信/网络设备,1
南强后勤,1000-9999人,院校,1
川禾蒙商贸,20-99人,贸易/进出口,1
新花样娱乐,100-499人,其他服务业,1
厦门世菱,20-99人,仪器仪表/工业自动化,1
芯泓电子科技,20-99人,计算机软件,1
厦门匠心恒一教育科技,20-99人,计算机软件,1
博鼠,100-499人,移动互联网,1
蚂蚁班(厦门)文化,20-99人,在线教育,1
厦门企友恒诚信息...,0-20人,计算机软件,1
高顿教育集团,1000-9999人,在线教育,1
晟汇财务,20-99人,企业服务,1
兔小宝,20-99人,社交网络,1
正同,20-99人,建筑设计,1
海合达电子,20-99人,汽车零部件,1
海南大趣科技有限...,100-499人,游戏,1
连你,20-99人,移动互联网,1
美兔,0-20人,游戏,1
厦门易度,20-99人,计算机软件,1
三丘机械,20-99人,机械设备/机电/重工,1
优术,100-499人,计算机软件,1
森威源,0-20人,计算机软件,1
鑫京海,0-20人,计算机硬件,1
帅科卫浴,100-499人,贸易/进出口,1
天慕建材,0-20人,建材,1
厦门汇之讯网络,20-99人,数据服务,1
聆想电子,0-20人,智能硬件,1
戴丰能原,20-99人,物流/仓储,1
普洛泰科,100-499人,仪器仪表/工业自动化,1
探雅科技,20-99人,互联网,1
正映动漫,20-99人,广播/影视,1
厦门威莱未尔管理...,0-20人,其他服务业,1
恒瑞医药,10000人以上,医疗健康,1
阿吉斯体育,100-499人,服装/纺织/皮革,1
聚汇购,20-99人,贸易/进出口,1
中易智联,20-99人,计算机软件,1
厦门顶点软件,20-99人,游戏,1
思说,0-20人,咨询,1
龙净环保,1000-9999人,环保,1
创业树,20-99人,互联网,1
ABB振威电器,100-499人,智能硬件,1
厦门市南希网络科...,0-20人,计算机服务,1
厦门大谷,100-499人,计算机服务,1
正品汇,20-99人,电子商务,1
麟晟建材,100-499人,原材料及加工/模具,1
英泰利,0-20人,计算机服务,1
福建中邮,500-999人,物流/仓储,1
非凡时代(厦门)...,500-999人,广播/影视,1
海川润泽,0-20人,计算机服务,1
松竹精密科技,100-499人,机械设备/机电/重工,1
中励信,0-20人,数据服务,1
快接网络,20-99人,计算机软件,1
莱尔斯特股份,100-499人,新能源,1
南方嘉顿,100-499人,其他服务业,1
现代私塾,0-20人,培训机构,1
盛剑环境,500-999人,其他行业,1
谷玉科技,0-20人,企业服务,1
特清,0-20人,环保,1
奇迹山,100-499人,互联网,1
奇翼科技,20-99人,文化/体育/娱乐,1
恒得丰,0-20人,电子商务,1
多墨威尔,0-20人,贸易/进出口,1
厦门汇乘实业有限公司,20-99人,仪器仪表/工业自动化,1
鑫奥格,20-99人,机械设备/机电/重工,1
宏迪机电,20-99人,其他行业,1
厦门城光联链,20-99人,通信/网络设备,1
安丰建设,100-499人,工程施工,1
厦门基科生物科技公司,100-499人,医疗健康,1
厦门融景,100-499人,工程施工,1
联掌,20-99人,计算机服务,1
智美,500-999人,移动互联网,1
佰峰智能,0-20人,通信/网络设备,1
宝麦克斯,500-999人,机械设备/机电/重工,1
福建浩得,20-99人,工程施工,1
谐毅信息,20-99人,移动互联网,1
纷享销客,500-999人,移动互联网,1
好猫文化,20-99人,文化/体育/娱乐,1
普标计量检测研究院,20-99人,检测/认证,1
某互联网公司,20-99人,互联网,1
破军,0-20人,计算机服务,1
博瑞格BOOTLEG,100-499人,批发/零售,1
宏发开关,1000-9999人,仪器仪表/工业自动化,1
寸尺品牌策划,0-20人,企业服务,1
知云时代,500-999人,院校,1
尤尼克斯,0-20人,计算机软件,1
数据合,20-99人,计算机软件,1
江西东成,100-499人,机械设备/机电/重工,1
闪修侠,100-499人,移动互联网,1
神石多彩,20-99人,建材,1
春水科技,20-99人,计算机软件,1
厦门国贸艾迪康,100-499人,医疗/护理/卫生,1
厦门欣辉信,0-20人,贸易/进出口,1
厦门宏发密封继电...,500-999人,其他行业,1
秉元科技,20-99人,游戏,1
特斯拉 Tesla,10000人以上,汽车生产,1
维巢网络,0-20人,电子商务,1
用友烟草软件,100-499人,企业服务,1
某知名工业自动化公司,1000-9999人,仪器仪表/工业自动化,1
中科云创,20-99人,互联网,1
丰焱环境,0-20人,物业服务,1
克成五金,100-499人,原材料及加工/模具,1
厦门乾尹,0-20人,互联网,1
朗能智能科技,20-99人,家具/家电/家居,1
晋耀网路,0-20人,移动互联网,1
广州富百盛科技有...,20-99人,计算机软件,1
信捷电气,1000-9999人,其他行业,1
善汇,0-20人,贸易/进出口,1
和气聚力,100-499人,互联网,1
泓瑞科技,20-99人,计算机软件,1
聚客云享,0-20人,计算机软件,1
洪兴服饰,100-499人,服装/纺织/皮革,1
房客行信息技术,20-99人,移动互联网,1
金秋,100-499人,生活服务,1
玖仟信科技,0-20人,计算机软件,1
伟亨,0-20人,仪器仪表/工业自动化,1
多里亚信息技术,0-20人,计算机软件,1
易联众麟腾,0-20人,移动互联网,1
米吧游戏,0-20人,计算机软件,1
厦门鼎胤,0-20人,广告/公关/会展,1
某知名新能源上市公司,1000-9999人,新能源,1
博宠,0-20人,移动互联网,1
艾恩特信息科技,0-20人,新零售,1
点点赢金服,0-20人,证券/期货,1
叁叁玖,1000-9999人,新零售,1
百川信,20-99人,互联网,1
红相股份,100-499人,电力/热力/燃气/水利,1
福建世恒,100-499人,批发/零售,1
厦门云科力,20-99人,数据服务,1
禹洲物业-厦门,500-999人,物业服务,1
爱镜科技,20-99人,互联网,1
诺惟资本,0-20人,投资/融资,1
厦门白鹭故事科技...,0-20人,培训机构,1
厦门和强全景,100-499人,计算机服务,1
厦门科才,20-99人,计算机软件,1
三七互娱,1000-9999人,移动互联网,1
CVTE,1000-9999人,计算机硬件,1
厦门有迹科技,20-99人,计算机软件,1
邦科电子,20-99人,电子/半导体/集成电路,1
厦门天然驿站有限公司,20-99人,新闻/出版,1
浦睿智能电子,100-499人,家具/家电/家居,1
厦门威广,0-20人,机械设备/机电/重工,1
天富勤,0-20人,法律,1
银祥食品,500-999人,批发/零售,1
六叶网络,20-99人,互联网,1
金鼎贷,20-99人,互联网金融,1
谦顺电力,20-99人,电力/热力/燃气/水利,1
庚壕集团,20-99人,环保,1
赞同科技,1000-9999人,互联网,1
码力全开,0-20人,培训机构,1
寻它,0-20人,计算机软件,1
龙跃虫洞,0-20人,互联网,1
爱谱生,500-999人,其他行业,1
润美达,20-99人,计算机软件,1
智深达,0-20人,计算机软件,1
萨珀莱,100-499人,原材料及加工/模具,1
厦门SM,100-499人,其他服务业,1
爱婴宝健康咨询,20-99人,医疗健康,1
厦门卓毅建筑,100-499人,工程施工,1
经度科技,100-499人,计算机软件,1
厦门市穗隆数码,20-99人,学前教育,1
尚辰家具,0-20人,证券/期货,1
康富翔机械有限公司,20-99人,机械设备/机电/重工,1
格瑞闽通,0-20人,培训机构,1
软件开发,0-20人,计算机服务,1
萌岛,20-99人,音乐/视频/阅读,1
达实物联网,100-499人,互联网,1
北京构力,100-499人,计算机软件,1
厦门起梦,20-99人,互联网,1
善传互娱,0-20人,移动互联网,1
牧月,20-99人,移动互联网,1
长鸿科技,1000-9999人,电子商务,1
theMSLAN,1000-9999人,服装/纺织/皮革,1
利泉食品,20-99人,电子商务,1
咕啦中国,100-499人,互联网,1
厦门市中天一舟通...,20-99人,通信/网络设备,1
祝晨,0-20人,电子商务,1
厦门研品,20-99人,电子商务,1
上海优必杰,100-499人,培训机构,1
特种柜设备研发生产,0-20人,智能硬件,1
瑞京,100-499人,原材料及加工/模具,1
摩金信息,0-20人,广告营销,1
码鸽信息,0-20人,互联网,1
和盛源,100-499人,计算机服务,1
鸿佳友手机,0-20人,其他服务业,1
华歌庭足浴店,20-99人,文化/体育/娱乐,1
惠展科技,100-499人,电子/半导体/集成电路,1
齐家网,1000-9999人,互联网,1
深圳中电技术,1000-9999人,智能硬件,1
早鸟科技,20-99人,电子商务,1
睿洽科技,0-20人,计算机软件,1
苏州麦迪斯顿,500-999人,计算机软件,1
亿腾达,20-99人,电力/热力/燃气/水利,1
三巨网络,100-499人,电子商务,1
云梭网络,20-99人,互联网,1
耀鑫能源,20-99人,工程施工,1
厦门盈峰,20-99人,移动互联网,1
悦动互娱,20-99人,游戏,1
黑柚科技,0-20人,移动互联网,1
志德真空,20-99人,其他行业,1
远洋集团,1000-9999人,工程施工,1
某知名上市集团公司,500-999人,互联网,1
厦门你好网拍网络...,20-99人,电子商务,1
美而小文化传媒,20-99人,媒体,1
无比欢,20-99人,其他服务业,1
厦门鸿印通数字科技,0-20人,运营商/增值服务,1
华通天畅工程监理咨询,500-999人,通信/网络设备,1
莱恩迪,100-499人,化工,1
大柏建筑设计,20-99人,建筑设计,1
上海联屏厦门分公司,100-499人,文化/体育/娱乐,1
立眸科技,0-20人,计算机软件,1
中城国信,20-99人,通信/网络设备,1
天闻全优教育,20-99人,培训机构,1
啪啪圈科技,20-99人,计算机软件,1
厦门欣富地,20-99人,智能硬件,1
智贸趋,20-99人,移动互联网,1
褀临数据技术,20-99人,计算机软件,1
长大匠心,0-20人,在线教育,1
璞素园林景观,0-20人,其他专业服务,1
山途网络,100-499人,培训机构,1
厦门盈百,0-20人,电子商务,1
厦门慈悟机电,0-20人,仪器仪表/工业自动化,1
易骏软件,100-499人,计算机软件,1
点点够,20-99人,移动互联网,1
爱维达ups电源,100-499人,智能硬件,1
翼石电子,20-99人,智能硬件,1
说茶传媒,20-99人,媒体,1
厦门市荣晖宇进出口,100-499人,贸易/进出口,1
立邦云智能,0-20人,计算机软件,1
大亿,0-20人,环保,1
芭芭拉,100-499人,原材料及加工/模具,1
深度优成,0-20人,数据服务,1
珉宇,20-99人,其他行业,1
厦门牧爬爬,0-20人,文化/体育/娱乐,1
仲欧,0-20人,环保,1
VISBE,20-99人,环保,1
换电科技,20-99人,新能源,1
鼎坚时代,0-20人,计算机软件,1
厦门精伦,20-99人,电子/半导体/集成电路,1
漫威智能,0-20人,家具/家电/家居,1
中创腾锐,0-20人,仪器仪表/工业自动化,1
厦门文广集团,1000-9999人,广告营销,1
艾肯睿科技,0-20人,仪器仪表/工业自动化,1
创享云商,20-99人,移动互联网,1
蒂安漾网络科技,0-20人,O2O,1
苏交科,1000-9999人,工程施工,1
南新科创,20-99人,企业服务,1
思米互动,20-99人,游戏,1
厦门市集美区集鑫...,0-20人,其他专业服务,1
紫讯,100-499人,数据服务,1
君和旭,0-20人,企业服务,1
坤城汤岸温泉酒店,100-499人,酒店,1
厦门市雄音智能股...,20-99人,电子/半导体/集成电路,1
吾行工业,20-99人,电力/热力/燃气/水利,1
海尚方舟,0-20人,批发/零售,1
富尔旺,20-99人,电子商务,1
豪舜智诚,20-99人,企业服务,1
七七游,100-499人,游戏,1
巨犀在线,0-20人,游戏,1
小蜜互娱网络科技,0-20人,游戏,1
云迁信息,0-20人,移动互联网,1
卓展科技,20-99人,互联网,1
鹅卵石网络,20-99人,医疗健康,1
厦门掌鑫,20-99人,移动互联网,1
久立信环保,20-99人,环保,1
中农佰惠,20-99人,批发/零售,1
兑为泽,20-99人,计算机服务,1
骑记,20-99人,互联网,1
顶有鸣,20-99人,电子商务,1
厦门优佳丽服饰有...,500-999人,服装/纺织/皮革,1
国贸嘉和,20-99人,其他专业服务,1
米蓝信息科技,20-99人,通信/网络设备,1
欣维发,100-499人,电子商务,1
普普文化,20-99人,广告营销,1
中朗科,20-99人,互联网,1
厦门天展,0-20人,仪器仪表/工业自动化,1
伊棠,20-99人,服装/纺织/皮革,1
众聚贤,20-99人,计算机软件,1
日曜科技,0-20人,新能源,1
朴蜂,0-20人,仪器仪表/工业自动化,1
申博泰咨询,0-20人,咨询,1
美天,20-99人,环保,1
铂樾建设,0-20人,工程施工,1
杭州默安科技有限公司,500-999人,信息安全,1
质选联,20-99人,广告/公关/会展,1
宝丽星,20-99人,贸易/进出口,1
传智教育,1000-9999人,在线教育,1
远大集团,1000-9999人,其他行业,1
厦门城市频道,0-20人,互联网,1
易联致和,20-99人,智能硬件,1
鼎泰,0-20人,电子/半导体/集成电路,1
某500强上市公司,1000-9999人,互联网,1
WMEC,100-499人,其他行业,1
比酷客,20-99人,计算机软件,1
康强网络科技有限公司,20-99人,计算机软件,1
卫宁健康,1000-9999人,计算机软件,1
厦门翌露科技有限公司,0-20人,计算机服务,1
唯科健康,100-499人,印刷/包装/造纸,1
诺亚品牌管理,20-99人,广告营销,1
鑫科安,100-499人,通信/网络设备,1
易耿智扬,0-20人,计算机软件,1
欣立社工,20-99人,非盈利机构,1
厦门朗旭,0-20人,电子/半导体/集成电路,1
安百胜,0-20人,其他服务业,1
艺臻健康科技有限公司,100-499人,美容/美发,1
福永清慧,0-20人,食品/饮料/烟酒,1
佳伊聘,0-20人,咨询,1
厦门淘气菠萝电子商务,20-99人,电子商务,1
昱电,0-20人,批发/零售,1
千匠网络,100-499人,电子商务,1
汉凌达,20-99人,仪器仪表/工业自动化,1
福建万芯科技,20-99人,智能硬件,1
铂联,100-499人,仪器仪表/工业自动化,1
Edwards,500-999人,机械设备/机电/重工,1
小飞侠,0-20人,计算机软件,1
国塔,20-99人,电子商务,1
厦门风云科技,100-499人,企业服务,1
庆丰年,20-99人,通信/网络设备,1
三维云科技,20-99人,互联网,1
福建百旺金赋,100-499人,企业服务,1
积木共创,0-20人,电子商务,1
厦门青普千载信息科技,20-99人,旅游,1
优极网络,0-20人,计算机软件,1
麦斯智能,0-20人,仪器仪表/工业自动化,1
德力实自动化设备,20-99人,机械设备/机电/重工,1
植福缘珠宝,20-99人,其他行业,1
Luckincoffee,10000人以上,餐饮,1
雷汶胡克,0-20人,电子商务,1
瑞能博尔,100-499人,电力/热力/燃气/水利,1
福州微云,20-99人,计算机软件,1
易岭前,20-99人,移动互联网,1
德基申电气有限公司,20-99人,电力/热力/燃气/水利,1
创业黑马,1000-9999人,企业服务,1
网为,20-99人,通信/网络设备,1
瑞熙信息,20-99人,计算机软件,1
鼎煊,0-20人,专利/商标/知识产权,1
合创电脑,0-20人,计算机硬件,1
隶楷机械设备有限公司,0-20人,仪器仪表/工业自动化,1
厦门智选,0-20人,互联网金融,1
敏创,0-20人,计算机服务,1
鹏阳电力,0-20人,仪器仪表/工业自动化,1
优聊传媒,20-99人,媒体,1
厦门华谱科技有限公司,20-99人,仪器仪表/工业自动化,1
弘域,0-20人,计算机服务,1
厦门威士宝宝马4s店,20-99人,汽车生产,1
螺霸王,100-499人,食品/饮料/烟酒,1
厦门班普,0-20人,计算机软件,1
厦门启下网络科技,0-20人,游戏,1
厦门睿金股权投资...,0-20人,咨询,1
资缘信息科技,20-99人,计算机软件,1
动心科技,20-99人,移动互联网,1
锋联信息技术,20-99人,计算机软件,1
泓域网络,0-20人,移动互联网,1
厦门市匠造美居,100-499人,家具/家电/家居,1
程昱和蔚,0-20人,贸易/进出口,1
分众传媒,1000-9999人,媒体,1
安娜薇拉科技,20-99人,互联网,1
协众电气,0-20人,仪器仪表/工业自动化,1
爱微科技,20-99人,互联网,1
星创易联,20-99人,人力资源服务,1
育呗,20-99人,互联网,1
皮皮潴,20-99人,电子商务,1
美石家,20-99人,移动互联网,1
三和万邦电气,20-99人,电力/热力/燃气/水利,1
国鼎集团,20-99人,投资/融资,1
倍加特,20-99人,电子商务,1
中城霖智工贸,0-20人,工程施工,1
厦门数智联,20-99人,互联网,1
柏盾,0-20人,通信/网络设备,1
键桥轨道交通,100-499人,通信/网络设备,1
厦门金思维电子,20-99人,原材料及加工/模具,1
厦门纬通,0-20人,电子商务,1
某国内知名互联网金融公司,1000-9999人,银行,1
绿清源,20-99人,环保,1
